system:index,CoordString,LATITUDE,LONGITUDE,PLOTID,batch,changeLC,endLC,startLC,.geo
223,"60.81171, 9.01737",60.81171,9.01737,id_10001691,Gol_change_dw_2016_2020,1,6,6,"{""geodesic"":false,""type"":""Point"",""coordinates"":[9.017369507619337,60.81170842339103]}"
304,"60.69598, 8.97115",60.69598,8.97115,id_10199876,Gol_change_dw_2016_2020,1,6,6,"{""geodesic"":false,""type"":""Point"",""coordinates"":[8.971154894944263,60.69597695685822]}"
253,"60.6814, 9.18572",60.6814,9.18572,id_103661,Gol_change_dw_2016_2020,1,6,6,"{""geodesic"":false,""type"":""Point"",""coordinates"":[9.185715207824103,60.68139624583566]}"
276,"60.76659, 9.19649",60.76659,9.19649,id_10426574,Gol_change_dw_2016_2020,1,5,9,"{""geodesic"":false,""type"":""Point"",""coordinates"":[9.196486209423128,60.766585003127524]}"
315,"60.75191, 9.16191",60.75191,9.16191,id_10483432,Gol_change_dw_2016_2020,1,9,9,"{""geodesic"":false,""type"":""Point"",""coordinates"":[9.16190548099535,60.75190684018756]}"
464,"60.6908, 8.87521",60.6908,8.87521,id_10513332,Gol_change_dw_2016_2020,3,6,1,"{""geodesic"":false,""type"":""Point"",""coordinates"":[8.875207679647056,60.69080431458186]}"
525,"60.6938, 8.92299",60.6938,8.92299,id_10952621,Gol_change_dw_2016_2020,4,1,1,"{""geodesic"":false,""type"":""Point"",""coordinates"":[8.922993334735045,60.69380314086765]}"
358,"60.74669, 8.92874",60.74669,8.92874,id_11058481,Gol_change_dw_2016_2020,1,6,6,"{""geodesic"":false,""type"":""Point"",""coordinates"":[8.928736507577083,60.746688426628126]}"
167,"60.64352, 9.0842",60.64352,9.0842,id_11100907,Gol_change_dw_2016_2020,1,6,6,"{""geodesic"":false,""type"":""Point"",""coordinates"":[9.084200514718763,60.64352001058773]}"
138,"60.80327, 9.01424",60.80327,9.01424,id_11364941,Gol_change_dw_2016_2020,1,6,6,"{""geodesic"":false,""type"":""Point"",""coordinates"":[9.01424108545345,60.8032693157057]}"
296,"60.79246, 9.098",60.79246,9.098,id_11498792,Gol_change_dw_2016_2020,1,5,5,"{""geodesic"":false,""type"":""Point"",""coordinates"":[9.098000789493598,60.79246050089069]}"
310,"60.77255, 8.94043",60.77255,8.94043,id_11537313,Gol_change_dw_2016_2020,1,6,6,"{""geodesic"":false,""type"":""Point"",""coordinates"":[8.940428245693697,60.77255143685258]}"
8,"60.72425, 8.94895",60.72425,8.94895,id_11654379,Gol_change_dw_2016_2020,1,5,6,"{""geodesic"":false,""type"":""Point"",""coordinates"":[8.948949706298043,60.72425197904785]}"
480,"60.70342, 8.94623",60.70342,8.94623,id_11804143,Gol_change_dw_2016_2020,3,8,1,"{""geodesic"":false,""type"":""Point"",""coordinates"":[8.946234946224516,60.70342127649183]}"
320,"60.66415, 9.11316",60.66415,9.11316,id_11854632,Gol_change_dw_2016_2020,1,5,5,"{""geodesic"":false,""type"":""Point"",""coordinates"":[9.113162503031667,60.66414894050875]}"
340,"60.76152, 8.99844",60.76152,8.99844,id_1192209,Gol_change_dw_2016_2020,1,6,6,"{""geodesic"":false,""type"":""Point"",""coordinates"":[8.998440104807061,60.76152143476911]}"
25,"60.77865, 9.07611",60.77865,9.07611,id_12265243,Gol_change_dw_2016_2020,1,6,6,"{""geodesic"":false,""type"":""Point"",""coordinates"":[9.076108422933695,60.77864826471054]}"
236,"60.70637, 9.17468",60.70637,9.17468,id_12464613,Gol_change_dw_2016_2020,1,6,6,"{""geodesic"":false,""type"":""Point"",""coordinates"":[9.174683859182672,60.70637086870523]}"
534,"60.70127, 8.94569",60.70127,8.94569,id_12763451,Gol_change_dw_2016_2020,4,1,1,"{""geodesic"":false,""type"":""Point"",""coordinates"":[8.945689023262707,60.701266262166364]}"
343,"60.7136, 8.86596",60.7136,8.86596,id_1277687,Gol_change_dw_2016_2020,1,6,6,"{""geodesic"":false,""type"":""Point"",""coordinates"":[8.86595710501066,60.713600314452755]}"
380,"60.82476, 8.87395",60.82476,8.87395,id_12958242,Gol_change_dw_2016_2020,1,6,9,"{""geodesic"":false,""type"":""Point"",""coordinates"":[8.873950774802088,60.824758536412716]}"
425,"60.71239, 8.93138",60.71239,8.93138,id_1354702,Gol_change_dw_2016_2020,2,1,6,"{""geodesic"":false,""type"":""Point"",""coordinates"":[8.931377767070352,60.71239279713079]}"
218,"60.68218, 9.1286",60.68218,9.1286,id_13571488,Gol_change_dw_2016_2020,1,6,6,"{""geodesic"":false,""type"":""Point"",""coordinates"":[9.128603302601826,60.682181504723125]}"
329,"60.7457, 9.06631",60.7457,9.06631,id_13870439,Gol_change_dw_2016_2020,1,6,6,"{""geodesic"":false,""type"":""Point"",""coordinates"":[9.06630878397058,60.7457033591551]}"
363,"60.70695, 8.79344",60.70695,8.79344,id_14269426,Gol_change_dw_2016_2020,1,6,6,"{""geodesic"":false,""type"":""Point"",""coordinates"":[8.7934350477964,60.70695401716163]}"
269,"60.80884, 8.84755",60.80884,8.84755,id_1434022,Gol_change_dw_2016_2020,1,6,6,"{""geodesic"":false,""type"":""Point"",""coordinates"":[8.847547870691445,60.80883981960249]}"
413,"60.75149, 8.86323",60.75149,8.86323,id_14391310,Gol_change_dw_2016_2020,2,1,6,"{""geodesic"":false,""type"":""Point"",""coordinates"":[8.863230672994476,60.75148590195819]}"
70,"60.65957, 8.89234",60.65957,8.89234,id_14617862,Gol_change_dw_2016_2020,1,6,6,"{""geodesic"":false,""type"":""Point"",""coordinates"":[8.892341654177928,60.65957450917008]}"
385,"60.82078, 8.85007",60.82078,8.85007,id_1492627,Gol_change_dw_2016_2020,1,6,6,"{""geodesic"":false,""type"":""Point"",""coordinates"":[8.850065046695054,60.820783620765496]}"
322,"60.68849, 9.2394",60.68849,9.2394,id_14979941,Gol_change_dw_2016_2020,1,6,9,"{""geodesic"":false,""type"":""Point"",""coordinates"":[9.239404897585926,60.688493765587324]}"
12,"60.68684, 8.85691",60.68684,8.85691,id_15317930,Gol_change_dw_2016_2020,1,6,6,"{""geodesic"":false,""type"":""Point"",""coordinates"":[8.856913868368522,60.68683556075691]}"
81,"60.75223, 8.80764",60.75223,8.80764,id_15473526,Gol_change_dw_2016_2020,1,6,6,"{""geodesic"":false,""type"":""Point"",""coordinates"":[8.807637812907359,60.75222576589198]}"
69,"60.67401, 9.20141",60.67401,9.20141,id_15624199,Gol_change_dw_2016_2020,1,6,6,"{""geodesic"":false,""type"":""Point"",""coordinates"":[9.201412321744524,60.67401130540808]}"
183,"60.72133, 9.19786",60.72133,9.19786,id_15805071,Gol_change_dw_2016_2020,1,6,6,"{""geodesic"":false,""type"":""Point"",""coordinates"":[9.197859407601177,60.721332459515985]}"
111,"60.81521, 9.00285",60.81521,9.00285,id_16264523,Gol_change_dw_2016_2020,1,6,6,"{""geodesic"":false,""type"":""Point"",""coordinates"":[9.002849278151263,60.815210997326304]}"
443,"60.82114, 8.98593",60.82114,8.98593,id_16748377,Gol_change_dw_2016_2020,2,1,5,"{""geodesic"":false,""type"":""Point"",""coordinates"":[8.985934833589406,60.82113587121566]}"
65,"60.78698, 8.90257",60.78698,8.90257,id_16873536,Gol_change_dw_2016_2020,1,6,6,"{""geodesic"":false,""type"":""Point"",""coordinates"":[8.902566923638307,60.786984214258936]}"
488,"60.7399, 8.86346",60.7399,8.86346,id_16910930,Gol_change_dw_2016_2020,3,1,1,"{""geodesic"":false,""type"":""Point"",""coordinates"":[8.863463336420988,60.739904180819615]}"
544,"60.7781, 8.76048",60.7781,8.76048,id_17227150,Gol_change_dw_2016_2020,4,1,1,"{""geodesic"":false,""type"":""Point"",""coordinates"":[8.760478000236732,60.77809705449438]}"
118,"60.84336, 8.81335",60.84336,8.81335,id_17239928,Gol_change_dw_2016_2020,1,6,9,"{""geodesic"":false,""type"":""Point"",""coordinates"":[8.813346017735594,60.843362592943095]}"
288,"60.76781, 9.15501",60.76781,9.15501,id_17262112,Gol_change_dw_2016_2020,1,6,9,"{""geodesic"":false,""type"":""Point"",""coordinates"":[9.155010603203962,60.76780647917168]}"
162,"60.71841, 9.16614",60.71841,9.16614,id_17348604,Gol_change_dw_2016_2020,1,6,6,"{""geodesic"":false,""type"":""Point"",""coordinates"":[9.166135455638607,60.71841267532465]}"
219,"60.71679, 8.9332",60.71679,8.9332,id_17433913,Gol_change_dw_2016_2020,1,6,6,"{""geodesic"":false,""type"":""Point"",""coordinates"":[8.933201004990313,60.71679308194047]}"
297,"60.77359, 9.11869",60.77359,9.11869,id_17529968,Gol_change_dw_2016_2020,1,6,6,"{""geodesic"":false,""type"":""Point"",""coordinates"":[9.118688428874222,60.7735895738497]}"
1,"60.73245, 9.21131",60.73245,9.21131,id_1766230,Gol_change_dw_2016_2020,1,6,9,"{""geodesic"":false,""type"":""Point"",""coordinates"":[9.211312446563971,60.73244503425063]}"
32,"60.77499, 8.7807",60.77499,8.7807,id_17764666,Gol_change_dw_2016_2020,1,6,6,"{""geodesic"":false,""type"":""Point"",""coordinates"":[8.780696617477949,60.77498921771476]}"
346,"60.65844, 9.04967",60.65844,9.04967,id_17779794,Gol_change_dw_2016_2020,1,4,4,"{""geodesic"":false,""type"":""Point"",""coordinates"":[9.049665602672734,60.658441385032745]}"
430,"60.85101, 8.92004",60.85101,8.92004,id_17819342,Gol_change_dw_2016_2020,2,1,9,"{""geodesic"":false,""type"":""Point"",""coordinates"":[8.920038963746032,60.85100999670738]}"
233,"60.73827, 8.99954",60.73827,8.99954,id_17867024,Gol_change_dw_2016_2020,1,5,5,"{""geodesic"":false,""type"":""Point"",""coordinates"":[8.999541539128588,60.73826779339619]}"
303,"60.82979, 8.80074",60.82979,8.80074,id_17869239,Gol_change_dw_2016_2020,1,9,9,"{""geodesic"":false,""type"":""Point"",""coordinates"":[8.800735430573129,60.82978748077718]}"
361,"60.66848, 9.0839",60.66848,9.0839,id_17934831,Gol_change_dw_2016_2020,1,6,6,"{""geodesic"":false,""type"":""Point"",""coordinates"":[9.083899706507827,60.66848008153768]}"
61,"60.79568, 8.81032",60.79568,8.81032,id_18229062,Gol_change_dw_2016_2020,1,6,5,"{""geodesic"":false,""type"":""Point"",""coordinates"":[8.810316673631775,60.79568424357742]}"
483,"60.70098, 8.92023",60.70098,8.92023,id_18280304,Gol_change_dw_2016_2020,3,6,1,"{""geodesic"":false,""type"":""Point"",""coordinates"":[8.920228582388855,60.700984178513934]}"
121,"60.70998, 8.84142",60.70998,8.84142,id_18294652,Gol_change_dw_2016_2020,1,4,4,"{""geodesic"":false,""type"":""Point"",""coordinates"":[8.84142022111083,60.709982213263295]}"
496,"60.80695, 8.98061",60.80695,8.98061,id_1854882,Gol_change_dw_2016_2020,3,6,1,"{""geodesic"":false,""type"":""Point"",""coordinates"":[8.980611522908262,60.806949720676066]}"
210,"60.67699, 8.81193",60.67699,8.81193,id_18551199,Gol_change_dw_2016_2020,1,6,6,"{""geodesic"":false,""type"":""Point"",""coordinates"":[8.811930687706123,60.676993563896225]}"
335,"60.66028, 9.12705",60.66028,9.12705,id_1889259,Gol_change_dw_2016_2020,1,6,6,"{""geodesic"":false,""type"":""Point"",""coordinates"":[9.12705243096245,60.66027578408545]}"
0,"60.72392, 8.86188",60.72392,8.86188,id_18967211,Gol_change_dw_2016_2020,1,6,6,"{""geodesic"":false,""type"":""Point"",""coordinates"":[8.861881444819211,60.72392122134117]}"
533,"60.70816, 8.91398",60.70816,8.91398,id_19178341,Gol_change_dw_2016_2020,4,1,1,"{""geodesic"":false,""type"":""Point"",""coordinates"":[8.913981555252297,60.70816296273512]}"
184,"60.77296, 8.74877",60.77296,8.74877,id_19248008,Gol_change_dw_2016_2020,1,6,6,"{""geodesic"":false,""type"":""Point"",""coordinates"":[8.748767004458102,60.77295804661383]}"
382,"60.73377, 9.03878",60.73377,9.03878,id_19300037,Gol_change_dw_2016_2020,1,6,6,"{""geodesic"":false,""type"":""Point"",""coordinates"":[9.038780370413196,60.733773057224475]}"
515,"60.70209, 8.99295",60.70209,8.99295,id_19585911,Gol_change_dw_2016_2020,4,1,1,"{""geodesic"":false,""type"":""Point"",""coordinates"":[8.99294763704824,60.702085127365876]}"
240,"60.79815, 9.03959",60.79815,9.03959,id_19694678,Gol_change_dw_2016_2020,1,4,5,"{""geodesic"":false,""type"":""Point"",""coordinates"":[9.03959308235034,60.798146675648546]}"
545,"60.70199, 8.95814",60.70199,8.95814,id_19823338,Gol_change_dw_2016_2020,4,1,1,"{""geodesic"":false,""type"":""Point"",""coordinates"":[8.958143891005005,60.70198899479985]}"
164,"60.7916, 9.0293",60.7916,9.0293,id_19859931,Gol_change_dw_2016_2020,1,6,9,"{""geodesic"":false,""type"":""Point"",""coordinates"":[9.02929840813647,60.79159524201906]}"
71,"60.68628, 8.98013",60.68628,8.98013,id_19868523,Gol_change_dw_2016_2020,1,6,6,"{""geodesic"":false,""type"":""Point"",""coordinates"":[8.980134906787846,60.68628200021323]}"
114,"60.68605, 8.80492",60.68605,8.80492,id_19932445,Gol_change_dw_2016_2020,1,6,6,"{""geodesic"":false,""type"":""Point"",""coordinates"":[8.8049204923021,60.686051685529335]}"
271,"60.80533, 8.99182",60.80533,8.99182,id_20052363,Gol_change_dw_2016_2020,1,6,6,"{""geodesic"":false,""type"":""Point"",""coordinates"":[8.991822333924693,60.80533480072205]}"
353,"60.7895, 8.82101",60.7895,8.82101,id_20448419,Gol_change_dw_2016_2020,1,6,6,"{""geodesic"":false,""type"":""Point"",""coordinates"":[8.821006511008594,60.78950395116538]}"
182,"60.84015, 8.92099",60.84015,8.92099,id_2077511,Gol_change_dw_2016_2020,1,6,9,"{""geodesic"":false,""type"":""Point"",""coordinates"":[8.92098593057646,60.840147032846446]}"
257,"60.70936, 9.01878",60.70936,9.01878,id_21099830,Gol_change_dw_2016_2020,1,4,4,"{""geodesic"":false,""type"":""Point"",""coordinates"":[9.018780012369524,60.70935642269807]}"
151,"60.68087, 8.92284",60.68087,8.92284,id_21106408,Gol_change_dw_2016_2020,1,6,6,"{""geodesic"":false,""type"":""Point"",""coordinates"":[8.922841169712715,60.680874255614704]}"
389,"60.76813, 9.10343",60.76813,9.10343,id_2141045,Gol_change_dw_2016_2020,1,6,6,"{""geodesic"":false,""type"":""Point"",""coordinates"":[9.103433169504598,60.768125478498185]}"
24,"60.81636, 8.93612",60.81636,8.93612,id_21426305,Gol_change_dw_2016_2020,1,6,9,"{""geodesic"":false,""type"":""Point"",""coordinates"":[8.93611871921222,60.8163630028447]}"
342,"60.74265, 9.22972",60.74265,9.22972,id_21776709,Gol_change_dw_2016_2020,1,6,9,"{""geodesic"":false,""type"":""Point"",""coordinates"":[9.229720526521872,60.74265002927867]}"
146,"60.6822, 8.88989",60.6822,8.88989,id_2205197,Gol_change_dw_2016_2020,1,6,6,"{""geodesic"":false,""type"":""Point"",""coordinates"":[8.889886239097624,60.68219797583358]}"
264,"60.6573, 8.86198",60.6573,8.86198,id_22117966,Gol_change_dw_2016_2020,1,6,6,"{""geodesic"":false,""type"":""Point"",""coordinates"":[8.861983829727244,60.65730206871011]}"
330,"60.71436, 8.92276",60.71436,8.92276,id_22245056,Gol_change_dw_2016_2020,1,6,6,"{""geodesic"":false,""type"":""Point"",""coordinates"":[8.922760899925816,60.714363335099385]}"
460,"60.70081, 8.92206",60.70081,8.92206,id_22251949,Gol_change_dw_2016_2020,3,6,1,"{""geodesic"":false,""type"":""Point"",""coordinates"":[8.922060735230271,60.700805690099926]}"
142,"60.78896, 9.09119",60.78896,9.09119,id_22311269,Gol_change_dw_2016_2020,1,6,6,"{""geodesic"":false,""type"":""Point"",""coordinates"":[9.091194166497571,60.7889637995253]}"
375,"60.81346, 8.89201",60.81346,8.89201,id_2257456,Gol_change_dw_2016_2020,1,6,9,"{""geodesic"":false,""type"":""Point"",""coordinates"":[8.892009026692685,60.81346178056184]}"
222,"60.70447, 9.18273",60.70447,9.18273,id_22580157,Gol_change_dw_2016_2020,1,6,6,"{""geodesic"":false,""type"":""Point"",""coordinates"":[9.182734033902491,60.7044746882963]}"
97,"60.74741, 9.06851",60.74741,9.06851,id_23018947,Gol_change_dw_2016_2020,1,6,6,"{""geodesic"":false,""type"":""Point"",""coordinates"":[9.06851353956938,60.74740811908251]}"
35,"60.73202, 9.29602",60.73202,9.29602,id_23058177,Gol_change_dw_2016_2020,1,5,9,"{""geodesic"":false,""type"":""Point"",""coordinates"":[9.296017159909871,60.73201549023614]}"
305,"60.82135, 8.80042",60.82135,8.80042,id_23120146,Gol_change_dw_2016_2020,1,6,9,"{""geodesic"":false,""type"":""Point"",""coordinates"":[8.80042019488882,60.821347533543474]}"
280,"60.66437, 9.15909",60.66437,9.15909,id_23309413,Gol_change_dw_2016_2020,1,6,6,"{""geodesic"":false,""type"":""Point"",""coordinates"":[9.15908732122856,60.66437161554207]}"
53,"60.70348, 9.18731",60.70348,9.18731,id_23326972,Gol_change_dw_2016_2020,1,6,6,"{""geodesic"":false,""type"":""Point"",""coordinates"":[9.187308060742078,60.70348075868363]}"
38,"60.83583, 8.90407",60.83583,8.90407,id_23600249,Gol_change_dw_2016_2020,1,6,6,"{""geodesic"":false,""type"":""Point"",""coordinates"":[8.904073850160717,60.835826526617446]}"
526,"60.69983, 8.94606",60.69983,8.94606,id_24145746,Gol_change_dw_2016_2020,4,1,1,"{""geodesic"":false,""type"":""Point"",""coordinates"":[8.946057776559469,60.69982988119067]}"
43,"60.7636, 8.85731",60.7636,8.85731,id_24178127,Gol_change_dw_2016_2020,1,6,6,"{""geodesic"":false,""type"":""Point"",""coordinates"":[8.857306157295865,60.76360036643103]}"
141,"60.74362, 9.18076",60.74362,9.18076,id_24266703,Gol_change_dw_2016_2020,1,6,6,"{""geodesic"":false,""type"":""Point"",""coordinates"":[9.18075553578017,60.74362276428184]}"
198,"60.77262, 9.09867",60.77262,9.09867,id_24267580,Gol_change_dw_2016_2020,1,6,9,"{""geodesic"":false,""type"":""Point"",""coordinates"":[9.098674544679382,60.77261817215093]}"
395,"60.74096, 8.96488",60.74096,8.96488,id_24423670,Gol_change_dw_2016_2020,1,6,6,"{""geodesic"":false,""type"":""Point"",""coordinates"":[8.96487895908956,60.74095667399602]}"
317,"60.68994, 8.91769",60.68994,8.91769,id_24702232,Gol_change_dw_2016_2020,1,6,6,"{""geodesic"":false,""type"":""Point"",""coordinates"":[8.91769240071372,60.689939309853585]}"
536,"60.70082, 8.95357",60.70082,8.95357,id_24750284,Gol_change_dw_2016_2020,4,1,1,"{""geodesic"":false,""type"":""Point"",""coordinates"":[8.953566132690044,60.700820306866966]}"
155,"60.73771, 8.93683",60.73771,8.93683,id_25140697,Gol_change_dw_2016_2020,1,6,6,"{""geodesic"":false,""type"":""Point"",""coordinates"":[8.936825172860708,60.737714222699125]}"
120,"60.79917, 8.8024",60.79917,8.8024,id_25548553,Gol_change_dw_2016_2020,1,6,6,"{""geodesic"":false,""type"":""Point"",""coordinates"":[8.80239551358281,60.7991743239802]}"
537,"60.69894, 8.97207",60.69894,8.97207,id_2572524,Gol_change_dw_2016_2020,4,1,1,"{""geodesic"":false,""type"":""Point"",""coordinates"":[8.972068043078654,60.69893999403401]}"
31,"60.72157, 9.02447",60.72157,9.02447,id_26003979,Gol_change_dw_2016_2020,1,6,6,"{""geodesic"":false,""type"":""Point"",""coordinates"":[9.024469102055065,60.721565979424824]}"
441,"60.79895, 8.7741",60.79895,8.7741,id_26128437,Gol_change_dw_2016_2020,2,1,6,"{""geodesic"":false,""type"":""Point"",""coordinates"":[8.77410218929178,60.798950156769656]}"
457,"60.72449, 8.89634",60.72449,8.89634,id_26170978,Gol_change_dw_2016_2020,3,1,1,"{""geodesic"":false,""type"":""Point"",""coordinates"":[8.896340532247573,60.7244909816278]}"
517,"60.70997, 8.93633",60.70997,8.93633,id_26249423,Gol_change_dw_2016_2020,4,1,1,"{""geodesic"":false,""type"":""Point"",""coordinates"":[8.936329955635108,60.70997109983749]}"
437,"60.82167, 8.98354",60.82167,8.98354,id_26281040,Gol_change_dw_2016_2020,2,1,6,"{""geodesic"":false,""type"":""Point"",""coordinates"":[8.98354439807363,60.82167428858339]}"
6,"60.81233, 9.04274",60.81233,9.04274,id_26353931,Gol_change_dw_2016_2020,1,6,6,"{""geodesic"":false,""type"":""Point"",""coordinates"":[9.042735334851004,60.81233122098878]}"
228,"60.72372, 9.01549",60.72372,9.01549,id_26365592,Gol_change_dw_2016_2020,1,6,6,"{""geodesic"":false,""type"":""Point"",""coordinates"":[9.015488971285606,60.72372210456491]}"
452,"60.83523, 8.97269",60.83523,8.97269,id_26407800,Gol_change_dw_2016_2020,3,5,1,"{""geodesic"":false,""type"":""Point"",""coordinates"":[8.972685015350743,60.835229508188654]}"
319,"60.727, 8.81127",60.727,8.81127,id_26436599,Gol_change_dw_2016_2020,1,6,9,"{""geodesic"":false,""type"":""Point"",""coordinates"":[8.811271755824283,60.72700195260498]}"
247,"60.76172, 9.20949",60.76172,9.20949,id_26523585,Gol_change_dw_2016_2020,1,6,9,"{""geodesic"":false,""type"":""Point"",""coordinates"":[9.20948626828733,60.76171708588458]}"
400,"60.70451, 9.00064",60.70451,9.00064,id_26585010,Gol_change_dw_2016_2020,2,1,1,"{""geodesic"":false,""type"":""Point"",""coordinates"":[9.000641172175024,60.704509453969166]}"
392,"60.70164, 9.15139",60.70164,9.15139,id_26851365,Gol_change_dw_2016_2020,1,6,9,"{""geodesic"":false,""type"":""Point"",""coordinates"":[9.151394832660944,60.701640682934396]}"
44,"60.77345, 8.95089",60.77345,8.95089,id_26861026,Gol_change_dw_2016_2020,1,6,6,"{""geodesic"":false,""type"":""Point"",""coordinates"":[8.950890935306061,60.7734534933537]}"
540,"60.69883, 8.91456",60.69883,8.91456,id_27045650,Gol_change_dw_2016_2020,4,1,1,"{""geodesic"":false,""type"":""Point"",""coordinates"":[8.914555973881559,60.69882588672932]}"
531,"60.70297, 8.94404",60.70297,8.94404,id_27078355,Gol_change_dw_2016_2020,4,1,1,"{""geodesic"":false,""type"":""Point"",""coordinates"":[8.94403749714431,60.702971461680534]}"
506,"60.70396, 8.95484",60.70396,8.95484,id_27202430,Gol_change_dw_2016_2020,4,1,1,"{""geodesic"":false,""type"":""Point"",""coordinates"":[8.954843923379249,60.70396315145829]}"
490,"60.69846, 8.90961",60.69846,8.90961,id_27216887,Gol_change_dw_2016_2020,3,1,1,"{""geodesic"":false,""type"":""Point"",""coordinates"":[8.90961167541609,60.69846351089459]}"
241,"60.75934, 9.08487",60.75934,9.08487,id_27330023,Gol_change_dw_2016_2020,1,6,6,"{""geodesic"":false,""type"":""Point"",""coordinates"":[9.084870902662992,60.75933983326653]}"
194,"60.80097, 8.80294",60.80097,8.80294,id_27348330,Gol_change_dw_2016_2020,1,6,6,"{""geodesic"":false,""type"":""Point"",""coordinates"":[8.802935675198164,60.80097075819731]}"
63,"60.6693, 8.93659",60.6693,8.93659,id_27425699,Gol_change_dw_2016_2020,1,6,6,"{""geodesic"":false,""type"":""Point"",""coordinates"":[8.936593272286016,60.669299402033]}"
130,"60.77552, 8.96502",60.77552,8.96502,id_27685916,Gol_change_dw_2016_2020,1,6,6,"{""geodesic"":false,""type"":""Point"",""coordinates"":[8.965024749384106,60.775522908101465]}"
493,"60.81234, 8.98943",60.81234,8.98943,id_27937142,Gol_change_dw_2016_2020,3,6,3,"{""geodesic"":false,""type"":""Point"",""coordinates"":[8.989431044598046,60.812337601604526]}"
248,"60.75887, 8.88247",60.75887,8.88247,id_28179835,Gol_change_dw_2016_2020,1,6,6,"{""geodesic"":false,""type"":""Point"",""coordinates"":[8.882466980668424,60.75886629159952]}"
180,"60.84052, 8.95833",60.84052,8.95833,id_28356205,Gol_change_dw_2016_2020,1,6,9,"{""geodesic"":false,""type"":""Point"",""coordinates"":[8.9583308622365,60.840522919354605]}"
226,"60.71689, 9.16356",60.71689,9.16356,id_28361724,Gol_change_dw_2016_2020,1,6,6,"{""geodesic"":false,""type"":""Point"",""coordinates"":[9.163561911854318,60.716889527270766]}"
439,"60.80497, 8.95231",60.80497,8.95231,id_28446213,Gol_change_dw_2016_2020,2,1,1,"{""geodesic"":false,""type"":""Point"",""coordinates"":[8.952312805373033,60.80496745896934]}"
266,"60.69714, 8.96035",60.69714,8.96035,id_2848258,Gol_change_dw_2016_2020,1,4,6,"{""geodesic"":false,""type"":""Point"",""coordinates"":[8.96034799278452,60.697141376380486]}"
161,"60.6629, 8.81585",60.6629,8.81585,id_28717802,Gol_change_dw_2016_2020,1,6,6,"{""geodesic"":false,""type"":""Point"",""coordinates"":[8.815854934925508,60.662902966426266]}"
156,"60.72761, 9.30093",60.72761,9.30093,id_28825614,Gol_change_dw_2016_2020,1,6,9,"{""geodesic"":false,""type"":""Point"",""coordinates"":[9.300926345600603,60.727605181834534]}"
16,"60.73365, 8.81435",60.73365,8.81435,id_2887975,Gol_change_dw_2016_2020,1,6,9,"{""geodesic"":false,""type"":""Point"",""coordinates"":[8.814349837806484,60.73365018646304]}"
484,"60.8118, 8.99053",60.8118,8.99053,id_28905691,Gol_change_dw_2016_2020,3,6,3,"{""geodesic"":false,""type"":""Point"",""coordinates"":[8.990534051167812,60.81179899427757]}"
314,"60.68536, 8.91423",60.68536,8.91423,id_28995616,Gol_change_dw_2016_2020,1,6,6,"{""geodesic"":false,""type"":""Point"",""coordinates"":[8.914225520101416,60.685358186151014]}"
277,"60.8232, 9.0137",60.8232,9.0137,id_29316951,Gol_change_dw_2016_2020,1,8,8,"{""geodesic"":false,""type"":""Point"",""coordinates"":[9.013698332379725,60.823200882655804]}"
67,"60.75451, 9.04578",60.75451,9.04578,id_29372630,Gol_change_dw_2016_2020,1,6,6,"{""geodesic"":false,""type"":""Point"",""coordinates"":[9.045777524009813,60.754510614680875]}"
172,"60.72998, 8.76505",60.72998,8.76505,id_29480321,Gol_change_dw_2016_2020,1,5,5,"{""geodesic"":false,""type"":""Point"",""coordinates"":[8.765053157589463,60.729981574267725]}"
268,"60.80555, 8.87568",60.80555,8.87568,id_29679163,Gol_change_dw_2016_2020,1,6,9,"{""geodesic"":false,""type"":""Point"",""coordinates"":[8.875680225803412,60.80554687155929]}"
41,"60.77088, 9.20569",60.77088,9.20569,id_29710754,Gol_change_dw_2016_2020,1,6,9,"{""geodesic"":false,""type"":""Point"",""coordinates"":[9.20569105237815,60.7708807722119]}"
328,"60.7065, 9.20766",60.7065,9.20766,id_30134104,Gol_change_dw_2016_2020,1,6,9,"{""geodesic"":false,""type"":""Point"",""coordinates"":[9.20766128526221,60.70650340674931]}"
148,"60.78566, 9.0528",60.78566,9.0528,id_30135394,Gol_change_dw_2016_2020,1,6,5,"{""geodesic"":false,""type"":""Point"",""coordinates"":[9.052800849627841,60.78566245106182]}"
436,"60.69849, 8.95119",60.69849,8.95119,id_30137661,Gol_change_dw_2016_2020,2,1,6,"{""geodesic"":false,""type"":""Point"",""coordinates"":[8.951188447892953,60.6984851008233]}"
267,"60.68028, 8.85548",60.68028,8.85548,id_30287075,Gol_change_dw_2016_2020,1,6,6,"{""geodesic"":false,""type"":""Point"",""coordinates"":[8.855478536079124,60.68027982672852]}"
177,"60.77155, 8.82019",60.77155,8.82019,id_30747356,Gol_change_dw_2016_2020,1,6,6,"{""geodesic"":false,""type"":""Point"",""coordinates"":[8.820188747041348,60.771546408834915]}"
50,"60.75538, 8.90541",60.75538,8.90541,id_30789541,Gol_change_dw_2016_2020,1,6,6,"{""geodesic"":false,""type"":""Point"",""coordinates"":[8.905414995797218,60.75538291327638]}"
19,"60.81269, 8.96498",60.81269,8.96498,id_3096888,Gol_change_dw_2016_2020,1,6,9,"{""geodesic"":false,""type"":""Point"",""coordinates"":[8.964984202447198,60.812692580925976]}"
110,"60.82079, 8.78921",60.82079,8.78921,id_3110403,Gol_change_dw_2016_2020,1,6,6,"{""geodesic"":false,""type"":""Point"",""coordinates"":[8.789208377844117,60.82079172418162]}"
337,"60.73656, 9.15504",60.73656,9.15504,id_31153451,Gol_change_dw_2016_2020,1,6,9,"{""geodesic"":false,""type"":""Point"",""coordinates"":[9.155043340925538,60.73656210634862]}"
326,"60.8216, 8.86183",60.8216,8.86183,id_31164696,Gol_change_dw_2016_2020,1,6,9,"{""geodesic"":false,""type"":""Point"",""coordinates"":[8.861828334981212,60.82160426484282]}"
449,"60.72282, 8.9759",60.72282,8.9759,id_31301252,Gol_change_dw_2016_2020,2,1,6,"{""geodesic"":false,""type"":""Point"",""coordinates"":[8.97589653461334,60.72282300496894]}"
239,"60.71062, 8.78407",60.71062,8.78407,id_31451019,Gol_change_dw_2016_2020,1,6,6,"{""geodesic"":false,""type"":""Point"",""coordinates"":[8.78406692032148,60.7106203706239]}"
432,"60.70781, 8.91636",60.70781,8.91636,id_31490597,Gol_change_dw_2016_2020,2,2,2,"{""geodesic"":false,""type"":""Point"",""coordinates"":[8.916364252578978,60.70780533821544]}"
381,"60.77901, 8.768",60.77901,8.768,id_31521036,Gol_change_dw_2016_2020,1,6,6,"{""geodesic"":false,""type"":""Point"",""coordinates"":[8.767999534557608,60.7790080865786]}"
427,"60.70334, 8.97151",60.70334,8.97151,id_31913735,Gol_change_dw_2016_2020,2,1,6,"{""geodesic"":false,""type"":""Point"",""coordinates"":[8.971514670851622,60.703339249210806]}"
469,"60.70342, 8.9466",60.70342,8.9466,id_32160732,Gol_change_dw_2016_2020,3,8,1,"{""geodesic"":false,""type"":""Point"",""coordinates"":[8.946601317783424,60.703421422940394]}"
9,"60.68822, 8.9014",60.68822,8.9014,id_32210345,Gol_change_dw_2016_2020,1,6,6,"{""geodesic"":false,""type"":""Point"",""coordinates"":[8.901400925723864,60.68822243021503]}"
57,"60.70088, 8.90173",60.70088,8.90173,id_32338460,Gol_change_dw_2016_2020,1,6,6,"{""geodesic"":false,""type"":""Point"",""coordinates"":[8.901728510614197,60.70088210861763]}"
451,"60.81315, 8.98704",60.81315,8.98704,id_32472735,Gol_change_dw_2016_2020,3,6,3,"{""geodesic"":false,""type"":""Point"",""coordinates"":[8.987041215056443,60.81314542663253]}"
238,"60.68565, 9.04",60.68565,9.04,id_32705891,Gol_change_dw_2016_2020,1,6,6,"{""geodesic"":false,""type"":""Point"",""coordinates"":[9.040004034492126,60.68564901809476]}"
478,"60.7819, 9.15747",60.7819,9.15747,id_3277419,Gol_change_dw_2016_2020,3,5,1,"{""geodesic"":false,""type"":""Point"",""coordinates"":[9.157465901509909,60.781899438023856]}"
475,"60.81315, 8.98906",60.81315,8.98906,id_32784568,Gol_change_dw_2016_2020,3,6,3,"{""geodesic"":false,""type"":""Point"",""coordinates"":[8.989063153085457,60.81314560642727]}"
503,"60.69786, 9.01694",60.69786,9.01694,id_33022529,Gol_change_dw_2016_2020,4,1,1,"{""geodesic"":false,""type"":""Point"",""coordinates"":[9.016941768520981,60.697864436230255]}"
158,"60.74168, 8.9823",60.74168,8.9823,id_33332015,Gol_change_dw_2016_2020,1,6,6,"{""geodesic"":false,""type"":""Point"",""coordinates"":[8.982301532927337,60.74167836421681]}"
181,"60.67782, 9.08374",60.67782,9.08374,id_33335642,Gol_change_dw_2016_2020,1,6,6,"{""geodesic"":false,""type"":""Point"",""coordinates"":[9.083740969067142,60.6778176666107]}"
42,"60.86181, 8.85006",60.86181,8.85006,id_33582905,Gol_change_dw_2016_2020,1,6,9,"{""geodesic"":false,""type"":""Point"",""coordinates"":[8.850056881507534,60.86181369366908]}"
349,"60.70681, 9.10067",60.70681,9.10067,id_33701080,Gol_change_dw_2016_2020,1,6,6,"{""geodesic"":false,""type"":""Point"",""coordinates"":[9.10067123884348,60.70680601396502]}"
227,"60.68617, 8.91404",60.68617,8.91404,id_33763686,Gol_change_dw_2016_2020,1,6,6,"{""geodesic"":false,""type"":""Point"",""coordinates"":[8.914040281614273,60.686166117587085]}"
316,"60.71936, 9.11611",60.71936,9.11611,id_33893533,Gol_change_dw_2016_2020,1,6,6,"{""geodesic"":false,""type"":""Point"",""coordinates"":[9.116105769995722,60.719363157972545]}"
213,"60.79372, 8.90585",60.79372,8.90585,id_34340801,Gol_change_dw_2016_2020,1,6,9,"{""geodesic"":false,""type"":""Point"",""coordinates"":[8.905853091333654,60.7937202045455]}"
365,"60.64514, 9.07744",60.64514,9.07744,id_35337766,Gol_change_dw_2016_2020,1,6,6,"{""geodesic"":false,""type"":""Point"",""coordinates"":[9.077439102889832,60.64514020261155]}"
347,"60.7752, 8.7493",60.7752,8.7493,id_35456143,Gol_change_dw_2016_2020,1,6,6,"{""geodesic"":false,""type"":""Point"",""coordinates"":[8.749300221163004,60.7752036072983]}"
423,"60.78599, 8.75509",60.78599,8.75509,id_35503601,Gol_change_dw_2016_2020,2,1,6,"{""geodesic"":false,""type"":""Point"",""coordinates"":[8.755093027360314,60.785988193224966]}"
514,"60.69838, 8.91804",60.69838,8.91804,id_35733783,Gol_change_dw_2016_2020,4,1,1,"{""geodesic"":false,""type"":""Point"",""coordinates"":[8.918037147430018,60.69837914486357]}"
215,"60.66992, 8.92836",60.66992,8.92836,id_36020674,Gol_change_dw_2016_2020,1,6,6,"{""geodesic"":false,""type"":""Point"",""coordinates"":[8.928357243071543,60.66992373502552]}"
200,"60.72738, 9.17168",60.72738,9.17168,id_36159281,Gol_change_dw_2016_2020,1,6,6,"{""geodesic"":false,""type"":""Point"",""coordinates"":[9.17168146765127,60.727383989692306]}"
378,"60.66368, 8.86342",60.66368,8.86342,id_36180410,Gol_change_dw_2016_2020,1,6,6,"{""geodesic"":false,""type"":""Point"",""coordinates"":[8.863420228686401,60.66367818910406]}"
356,"60.75307, 9.04467",60.75307,9.04467,id_36324204,Gol_change_dw_2016_2020,1,6,6,"{""geodesic"":false,""type"":""Point"",""coordinates"":[9.044674664914561,60.753074468084364]}"
528,"60.69875, 8.93635",60.69875,8.93635,id_36382498,Gol_change_dw_2016_2020,4,1,1,"{""geodesic"":false,""type"":""Point"",""coordinates"":[8.936352143774986,60.69874822608735]}"
300,"60.78699, 9.09192",60.78699,9.09192,id_36387773,Gol_change_dw_2016_2020,1,5,6,"{""geodesic"":false,""type"":""Point"",""coordinates"":[9.0919232031496,60.78698809895831]}"
472,"60.81153, 8.98851",60.81153,8.98851,id_36547144,Gol_change_dw_2016_2020,3,4,3,"{""geodesic"":false,""type"":""Point"",""coordinates"":[8.988512294581938,60.811529491829496]}"
83,"60.82301, 8.93923",60.82301,8.93923,id_36668243,Gol_change_dw_2016_2020,1,6,9,"{""geodesic"":false,""type"":""Point"",""coordinates"":[8.939231247505287,60.82300827877577]}"
93,"60.77924, 9.12275",60.77924,9.12275,id_36715134,Gol_change_dw_2016_2020,1,6,6,"{""geodesic"":false,""type"":""Point"",""coordinates"":[9.122748937606985,60.779242199979926]}"
169,"60.74168, 9.02467",60.74168,9.02467,id_37035900,Gol_change_dw_2016_2020,1,6,6,"{""geodesic"":false,""type"":""Point"",""coordinates"":[9.024667810968037,60.74167726376436]}"
455,"60.78469, 9.0023",60.78469,9.0023,id_37062555,Gol_change_dw_2016_2020,3,2,1,"{""geodesic"":false,""type"":""Point"",""coordinates"":[9.002295619040066,60.78468521070778]}"
87,"60.71171, 9.2601",60.71171,9.2601,id_37179122,Gol_change_dw_2016_2020,1,6,6,"{""geodesic"":false,""type"":""Point"",""coordinates"":[9.260099740915638,60.71170914325452]}"
456,"60.67438, 8.80664",60.67438,8.80664,id_3740579,Gol_change_dw_2016_2020,3,4,1,"{""geodesic"":false,""type"":""Point"",""coordinates"":[8.806638301814415,60.6743823025651]}"
371,"60.6861, 9.01584",60.6861,9.01584,id_37702297,Gol_change_dw_2016_2020,1,6,6,"{""geodesic"":false,""type"":""Point"",""coordinates"":[9.015837059994169,60.68610297024237]}"
465,"60.69089, 8.87557",60.69089,8.87557,id_38016056,Gol_change_dw_2016_2020,3,6,1,"{""geodesic"":false,""type"":""Point"",""coordinates"":[8.875573560255804,60.69089443813483]}"
548,"60.70251, 8.91198",60.70251,8.91198,id_38226205,Gol_change_dw_2016_2020,4,1,1,"{""geodesic"":false,""type"":""Point"",""coordinates"":[8.911981680337464,60.70250533010307]}"
362,"60.71429, 9.03344",60.71429,9.03344,id_3838540,Gol_change_dw_2016_2020,1,5,4,"{""geodesic"":false,""type"":""Point"",""coordinates"":[9.033442710680134,60.714291629257005]}"
217,"60.70514, 8.84456",60.70514,8.84456,id_38517639,Gol_change_dw_2016_2020,1,6,6,"{""geodesic"":false,""type"":""Point"",""coordinates"":[8.844558413866784,60.7051375971625]}"
135,"60.68225, 8.78774",60.68225,8.78774,id_38554141,Gol_change_dw_2016_2020,1,6,6,"{""geodesic"":false,""type"":""Point"",""coordinates"":[8.787735259656227,60.682254651337956]}"
379,"60.67044, 8.89231",60.67044,8.89231,id_38636283,Gol_change_dw_2016_2020,1,6,6,"{""geodesic"":false,""type"":""Point"",""coordinates"":[8.892305383171353,60.67043830277875]}"
424,"60.81144, 8.97601",60.81144,8.97601,id_38744561,Gol_change_dw_2016_2020,2,1,5,"{""geodesic"":false,""type"":""Point"",""coordinates"":[8.976013739215224,60.811438060256954]}"
397,"60.7385, 9.18183",60.7385,9.18183,id_38977320,Gol_change_dw_2016_2020,1,6,6,"{""geodesic"":false,""type"":""Point"",""coordinates"":[9.181827074842584,60.73850369750956]}"
59,"60.67158, 8.86778",60.67158,8.86778,id_38997163,Gol_change_dw_2016_2020,1,6,6,"{""geodesic"":false,""type"":""Point"",""coordinates"":[8.867778867532817,60.67158352555705]}"
355,"60.77139, 9.16182",60.77139,9.16182,id_39021715,Gol_change_dw_2016_2020,1,9,9,"{""geodesic"":false,""type"":""Point"",""coordinates"":[9.16182013299154,60.77138973689445]}"
259,"60.6869, 8.93326",60.6869,8.93326,id_39111122,Gol_change_dw_2016_2020,1,6,6,"{""geodesic"":false,""type"":""Point"",""coordinates"":[8.933262994669125,60.68689533680727]}"
137,"60.82426, 8.82817",60.82426,8.82817,id_39129518,Gol_change_dw_2016_2020,1,6,5,"{""geodesic"":false,""type"":""Point"",""coordinates"":[8.82816745902117,60.82425889014418]}"
260,"60.73194, 9.24266",60.73194,9.24266,id_39153366,Gol_change_dw_2016_2020,1,6,9,"{""geodesic"":false,""type"":""Point"",""coordinates"":[9.242661833848087,60.73194306603984]}"
487,"60.78656, 8.95326",60.78656,8.95326,id_39228859,Gol_change_dw_2016_2020,3,1,1,"{""geodesic"":false,""type"":""Point"",""coordinates"":[8.953258459435476,60.78656251648959]}"
386,"60.6969, 9.20815",60.6969,9.20815,id_3937679,Gol_change_dw_2016_2020,1,6,9,"{""geodesic"":false,""type"":""Point"",""coordinates"":[9.208148786930318,60.69689582797073]}"
497,"60.66694, 8.81565",60.66694,8.81565,id_39430581,Gol_change_dw_2016_2020,3,6,1,"{""geodesic"":false,""type"":""Point"",""coordinates"":[8.815648887070944,60.66694295484056]}"
88,"60.72818, 9.28572",60.72818,9.28572,id_39618968,Gol_change_dw_2016_2020,1,5,5,"{""geodesic"":false,""type"":""Point"",""coordinates"":[9.28571546630665,60.72817714927422]}"
302,"60.75667, 9.02798",60.75667,9.02798,id_39708781,Gol_change_dw_2016_2020,1,5,5,"{""geodesic"":false,""type"":""Point"",""coordinates"":[9.027982129887173,60.756670281958606]}"
229,"60.80865, 8.83579",60.80865,8.83579,id_39850418,Gol_change_dw_2016_2020,1,6,5,"{""geodesic"":false,""type"":""Point"",""coordinates"":[8.835786414409123,60.808646394948674]}"
159,"60.80129, 8.77905",60.80129,8.77905,id_40313962,Gol_change_dw_2016_2020,1,3,5,"{""geodesic"":false,""type"":""Point"",""coordinates"":[8.77904681362044,60.80129271619852]}"
92,"60.66741, 8.93751",60.66741,8.93751,id_40596746,Gol_change_dw_2016_2020,1,6,6,"{""geodesic"":false,""type"":""Point"",""coordinates"":[8.937511885418212,60.66741437897773]}"
529,"60.78859, 8.75489",60.78859,8.75489,id_40789413,Gol_change_dw_2016_2020,4,1,1,"{""geodesic"":false,""type"":""Point"",""coordinates"":[8.754889485255225,60.78859151019876]}"
36,"60.81451, 8.86076",60.81451,8.86076,id_41044613,Gol_change_dw_2016_2020,1,6,9,"{""geodesic"":false,""type"":""Point"",""coordinates"":[8.86075599107378,60.8145104075495]}"
440,"60.78396, 8.94408",60.78396,8.94408,id_41128322,Gol_change_dw_2016_2020,2,1,9,"{""geodesic"":false,""type"":""Point"",""coordinates"":[8.944079987309456,60.783955330691036]}"
4,"60.8298, 8.88588",60.8298,8.88588,id_41151257,Gol_change_dw_2016_2020,1,9,9,"{""geodesic"":false,""type"":""Point"",""coordinates"":[8.885884989320074,60.82979696251278]}"
454,"60.70107, 8.91968",60.70107,8.91968,id_41194317,Gol_change_dw_2016_2020,3,6,1,"{""geodesic"":false,""type"":""Point"",""coordinates"":[8.91967884300577,60.701073633353694]}"
284,"60.75221, 8.797",60.75221,8.797,id_41537899,Gol_change_dw_2016_2020,1,4,2,"{""geodesic"":false,""type"":""Point"",""coordinates"":[8.796996967163981,60.75221008982753]}"
344,"60.71668, 9.10015",60.71668,9.10015,id_41554214,Gol_change_dw_2016_2020,1,5,6,"{""geodesic"":false,""type"":""Point"",""coordinates"":[9.100152347748557,60.71668253452439]}"
204,"60.77968, 8.79664",60.77968,8.79664,id_41767901,Gol_change_dw_2016_2020,1,6,6,"{""geodesic"":false,""type"":""Point"",""coordinates"":[8.796639625883225,60.77968299687503]}"
196,"60.82481, 8.96571",60.82481,8.96571,id_4178483,Gol_change_dw_2016_2020,1,6,5,"{""geodesic"":false,""type"":""Point"",""coordinates"":[8.965706474906174,60.82481327128697]}"
401,"60.83281, 9.00727",60.83281,9.00727,id_41936242,Gol_change_dw_2016_2020,2,1,6,"{""geodesic"":false,""type"":""Point"",""coordinates"":[9.007265052540676,60.83280799196497]}"
76,"60.69663, 9.13965",60.69663,9.13965,id_42072428,Gol_change_dw_2016_2020,1,6,6,"{""geodesic"":false,""type"":""Point"",""coordinates"":[9.139649818212591,60.696625571719466]}"
285,"60.80745, 8.81264",60.80745,8.81264,id_42196494,Gol_change_dw_2016_2020,1,6,6,"{""geodesic"":false,""type"":""Point"",""coordinates"":[8.812636223561142,60.807448939528356]}"
154,"60.7774, 8.94519",60.7774,8.94519,id_42259025,Gol_change_dw_2016_2020,1,6,6,"{""geodesic"":false,""type"":""Point"",""coordinates"":[8.945193050923955,60.77740170086798]}"
98,"60.76243, 8.85786",60.76243,8.85786,id_4284488,Gol_change_dw_2016_2020,1,6,6,"{""geodesic"":false,""type"":""Point"",""coordinates"":[8.857861907282865,60.76243378493998]}"
307,"60.74868, 9.01018",60.74868,9.01018,id_43329565,Gol_change_dw_2016_2020,1,6,6,"{""geodesic"":false,""type"":""Point"",""coordinates"":[9.010181129089153,60.74868217996367]}"
388,"60.82472, 8.96203",60.82472,8.96203,id_43432072,Gol_change_dw_2016_2020,1,6,9,"{""geodesic"":false,""type"":""Point"",""coordinates"":[8.96202899238723,60.82472250117158]}"
462,"60.68909, 8.86643",60.68909,8.86643,id_43433182,Gol_change_dw_2016_2020,3,1,1,"{""geodesic"":false,""type"":""Point"",""coordinates"":[8.866425298345714,60.689089964520484]}"
78,"60.68077, 8.89978",60.68077,8.89978,id_43630882,Gol_change_dw_2016_2020,1,6,6,"{""geodesic"":false,""type"":""Point"",""coordinates"":[8.899776212448174,60.6807692039396]}"
409,"60.75029, 8.83388",60.75029,8.83388,id_43745694,Gol_change_dw_2016_2020,2,1,1,"{""geodesic"":false,""type"":""Point"",""coordinates"":[8.833883260306362,60.75028560586612]}"
518,"60.72315, 8.90459",60.72315,8.90459,id_43876026,Gol_change_dw_2016_2020,4,1,1,"{""geodesic"":false,""type"":""Point"",""coordinates"":[8.904593275955582,60.72315036404615]}"
299,"60.68823, 9.17477",60.68823,9.17477,id_44058586,Gol_change_dw_2016_2020,1,6,6,"{""geodesic"":false,""type"":""Point"",""coordinates"":[9.174768622974373,60.68823451988212]}"
29,"60.76855, 8.79487",60.76855,8.79487,id_44143768,Gol_change_dw_2016_2020,1,5,5,"{""geodesic"":false,""type"":""Point"",""coordinates"":[8.79487456722817,60.76854729361853]}"
258,"60.72131, 8.79023",60.72131,8.79023,id_44234945,Gol_change_dw_2016_2020,1,6,6,"{""geodesic"":false,""type"":""Point"",""coordinates"":[8.790226962792092,60.72131435181014]}"
283,"60.79316, 8.87885",60.79316,8.87885,id_44389334,Gol_change_dw_2016_2020,1,6,6,"{""geodesic"":false,""type"":""Point"",""coordinates"":[8.878851099691824,60.7931598704878]}"
14,"60.78432, 9.05225",60.78432,9.05225,id_44911533,Gol_change_dw_2016_2020,1,1,9,"{""geodesic"":false,""type"":""Point"",""coordinates"":[9.052247691955564,60.78431593776377]}"
144,"60.78008, 9.08291",60.78008,9.08291,id_44936375,Gol_change_dw_2016_2020,1,6,9,"{""geodesic"":false,""type"":""Point"",""coordinates"":[9.082905880447221,60.78008075275271]}"
168,"60.73232, 9.08095",60.73232,9.08095,id_45563328,Gol_change_dw_2016_2020,1,6,6,"{""geodesic"":false,""type"":""Point"",""coordinates"":[9.080949224906245,60.73231771364945]}"
295,"60.72303, 9.29795",60.72303,9.29795,id_45679853,Gol_change_dw_2016_2020,1,6,9,"{""geodesic"":false,""type"":""Point"",""coordinates"":[9.297950798524978,60.72303287219216]}"
428,"60.6966, 8.94991",60.6966,8.94991,id_45849277,Gol_change_dw_2016_2020,2,1,6,"{""geodesic"":false,""type"":""Point"",""coordinates"":[8.949909276279724,60.69659918261079]}"
190,"60.72607, 9.14143",60.72607,9.14143,id_4587834,Gol_change_dw_2016_2020,1,6,6,"{""geodesic"":false,""type"":""Point"",""coordinates"":[9.141427463549217,60.72607256240643]}"
86,"60.69444, 8.93544",60.69444,8.93544,id_45885080,Gol_change_dw_2016_2020,1,6,6,"{""geodesic"":false,""type"":""Point"",""coordinates"":[8.935444985974243,60.694438199599965]}"
357,"60.66775, 9.10714",60.66775,9.10714,id_45933056,Gol_change_dw_2016_2020,1,6,6,"{""geodesic"":false,""type"":""Point"",""coordinates"":[9.107136672865838,60.667745242096196]}"
459,"60.74893, 8.82729",60.74893,8.82729,id_46070873,Gol_change_dw_2016_2020,3,6,1,"{""geodesic"":false,""type"":""Point"",""coordinates"":[8.827286222336731,60.748930536787896]}"
442,"60.69722, 8.93489",60.69722,8.93489,id_46122247,Gol_change_dw_2016_2020,2,1,1,"{""geodesic"":false,""type"":""Point"",""coordinates"":[8.93488995612713,60.697221210017325]}"
195,"60.73627, 9.27882",60.73627,9.27882,id_46676895,Gol_change_dw_2016_2020,1,6,5,"{""geodesic"":false,""type"":""Point"",""coordinates"":[9.278819171539666,60.73627215367321]}"
66,"60.75423, 9.16797",60.75423,9.16797,id_46706542,Gol_change_dw_2016_2020,1,9,9,"{""geodesic"":false,""type"":""Point"",""coordinates"":[9.167971908341032,60.7542337307584]}"
481,"60.7349, 8.88806",60.7349,8.88806,id_46804224,Gol_change_dw_2016_2020,3,2,1,"{""geodesic"":false,""type"":""Point"",""coordinates"":[8.888055545792575,60.73489912570268]}"
384,"60.80308, 9.0486",60.80308,9.0486,id_46978880,Gol_change_dw_2016_2020,1,6,9,"{""geodesic"":false,""type"":""Point"",""coordinates"":[9.048603164945593,60.80308171461085]}"
231,"60.85799, 8.88542",60.85799,8.88542,id_47065224,Gol_change_dw_2016_2020,1,6,9,"{""geodesic"":false,""type"":""Point"",""coordinates"":[8.885416320231519,60.85798787913735]}"
128,"60.82911, 8.93646",60.82911,8.93646,id_47068087,Gol_change_dw_2016_2020,1,6,9,"{""geodesic"":false,""type"":""Point"",""coordinates"":[8.936461105724433,60.82911213512879]}"
165,"60.69833, 9.1435",60.69833,9.1435,id_47147118,Gol_change_dw_2016_2020,1,6,5,"{""geodesic"":false,""type"":""Point"",""coordinates"":[9.143503497944995,60.69832738336259]}"
312,"60.71656, 8.79319",60.71656,8.79319,id_47155525,Gol_change_dw_2016_2020,1,6,6,"{""geodesic"":false,""type"":""Point"",""coordinates"":[8.793190130686646,60.71656044733021]}"
505,"60.79922, 8.77153",60.79922,8.77153,id_47225571,Gol_change_dw_2016_2020,4,1,1,"{""geodesic"":false,""type"":""Point"",""coordinates"":[8.771528054362378,60.79921514941324]}"
298,"60.7704, 8.83525",60.7704,8.83525,id_47394090,Gol_change_dw_2016_2020,1,6,6,"{""geodesic"":false,""type"":""Point"",""coordinates"":[8.835247770600217,60.77039856464663]}"
101,"60.69463, 9.02793",60.69463,9.02793,id_47520189,Gol_change_dw_2016_2020,1,4,4,"{""geodesic"":false,""type"":""Point"",""coordinates"":[9.027928219856255,60.69463040345723]}"
331,"60.71478, 9.12562",60.71478,9.12562,id_47615322,Gol_change_dw_2016_2020,1,6,6,"{""geodesic"":false,""type"":""Point"",""coordinates"":[9.125618256561083,60.71477565170313]}"
178,"60.72533, 8.94327",60.72533,8.94327,id_47616090,Gol_change_dw_2016_2020,1,6,5,"{""geodesic"":false,""type"":""Point"",""coordinates"":[8.943265371044342,60.72532708822766]}"
75,"60.74349, 8.79008",60.74349,8.79008,id_47731037,Gol_change_dw_2016_2020,1,6,9,"{""geodesic"":false,""type"":""Point"",""coordinates"":[8.79008227078145,60.74349052177368]}"
422,"60.82239, 8.98171",60.82239,8.98171,id_47731644,Gol_change_dw_2016_2020,2,1,6,"{""geodesic"":false,""type"":""Point"",""coordinates"":[8.981705373375027,60.82239230250565]}"
289,"60.74811, 9.0964",60.74811,9.0964,id_47793798,Gol_change_dw_2016_2020,1,6,6,"{""geodesic"":false,""type"":""Point"",""coordinates"":[9.096398004847163,60.74810924290226]}"
205,"60.86027, 8.83626",60.86027,8.83626,id_48352489,Gol_change_dw_2016_2020,1,6,9,"{""geodesic"":false,""type"":""Point"",""coordinates"":[8.836257839877929,60.86027132371959]}"
171,"60.70061, 9.24316",60.70061,9.24316,id_48428112,Gol_change_dw_2016_2020,1,6,6,"{""geodesic"":false,""type"":""Point"",""coordinates"":[9.243158362558166,60.70060779302299]}"
91,"60.69567, 9.18543",60.69567,9.18543,id_4848578,Gol_change_dw_2016_2020,1,6,5,"{""geodesic"":false,""type"":""Point"",""coordinates"":[9.18543122826081,60.69567221625571]}"
262,"60.65974, 8.87094",60.65974,8.87094,id_48678720,Gol_change_dw_2016_2020,1,6,6,"{""geodesic"":false,""type"":""Point"",""coordinates"":[8.87093738082462,60.65973515935363]}"
188,"60.76292, 9.10085",60.76292,9.10085,id_48713622,Gol_change_dw_2016_2020,1,6,6,"{""geodesic"":false,""type"":""Point"",""coordinates"":[9.100847054332844,60.762920073328026]}"
3,"60.68544, 8.89976",60.68544,8.89976,id_48858379,Gol_change_dw_2016_2020,1,6,6,"{""geodesic"":false,""type"":""Point"",""coordinates"":[8.899761692004788,60.6854379300791]}"
461,"60.71642, 8.90828",60.71642,8.90828,id_48870032,Gol_change_dw_2016_2020,3,6,1,"{""geodesic"":false,""type"":""Point"",""coordinates"":[8.908278430415487,60.716419217905006]}"
147,"60.65762, 9.07564",60.65762,9.07564,id_49029978,Gol_change_dw_2016_2020,1,6,6,"{""geodesic"":false,""type"":""Point"",""coordinates"":[9.075639802337939,60.65762117969994]}"
468,"60.73243, 8.98194",60.73243,8.98194,id_49382772,Gol_change_dw_2016_2020,3,1,1,"{""geodesic"":false,""type"":""Point"",""coordinates"":[8.981939919928372,60.732430707544694]}"
189,"60.74244, 8.80531",60.74244,8.80531,id_49509817,Gol_change_dw_2016_2020,1,6,6,"{""geodesic"":false,""type"":""Point"",""coordinates"":[8.805312079735248,60.74243609343539]}"
516,"60.7027, 8.95082",60.7027,8.95082,id_4980984,Gol_change_dw_2016_2020,4,1,1,"{""geodesic"":false,""type"":""Point"",""coordinates"":[8.950815688089833,60.70270477088755]}"
33,"60.82787, 9.02768",60.82787,9.02768,id_49885963,Gol_change_dw_2016_2020,1,6,6,"{""geodesic"":false,""type"":""Point"",""coordinates"":[9.02767650129362,60.82786736465602]}"
521,"60.70083, 9.00064",60.70083,9.00064,id_49918117,Gol_change_dw_2016_2020,4,1,1,"{""geodesic"":false,""type"":""Point"",""coordinates"":[9.000641098883255,60.70082834817074]}"
367,"60.70397, 8.97353",60.70397,8.97353,id_50073429,Gol_change_dw_2016_2020,1,2,6,"{""geodesic"":false,""type"":""Point"",""coordinates"":[8.973529193296368,60.70396814358711]}"
55,"60.72191, 8.93612",60.72191,8.93612,id_50128439,Gol_change_dw_2016_2020,1,6,6,"{""geodesic"":false,""type"":""Point"",""coordinates"":[8.936123036771727,60.72191212952835]}"
495,"60.67249, 8.80171",60.67249,8.80171,id_50487132,Gol_change_dw_2016_2020,3,1,1,"{""geodesic"":false,""type"":""Point"",""coordinates"":[8.801708365629864,60.672489637379314]}"
390,"60.73539, 8.7806",60.73539,8.7806,id_50692165,Gol_change_dw_2016_2020,1,6,5,"{""geodesic"":false,""type"":""Point"",""coordinates"":[8.780599949774334,60.735394887543194]}"
123,"60.70389, 9.30419",60.70389,9.30419,id_50735488,Gol_change_dw_2016_2020,1,6,6,"{""geodesic"":false,""type"":""Point"",""coordinates"":[9.30418533811766,60.70389497220971]}"
64,"60.78233, 8.91948",60.78233,8.91948,id_51194717,Gol_change_dw_2016_2020,1,5,5,"{""geodesic"":false,""type"":""Point"",""coordinates"":[8.919475587730723,60.782326753503135]}"
13,"60.74455, 9.00486",60.74455,9.00486,id_51273623,Gol_change_dw_2016_2020,1,6,6,"{""geodesic"":false,""type"":""Point"",""coordinates"":[9.004860635301352,60.74455248431801]}"
399,"60.67615, 9.21094",60.67615,9.21094,id_51464855,Gol_change_dw_2016_2020,1,6,6,"{""geodesic"":false,""type"":""Point"",""coordinates"":[9.210943330788377,60.676151446553654]}"
20,"60.71277, 8.96674",60.71277,8.96674,id_517496,Gol_change_dw_2016_2020,1,6,6,"{""geodesic"":false,""type"":""Point"",""coordinates"":[8.96674211414514,60.71276536542752]}"
406,"60.80713, 8.99145",60.80713,8.99145,id_51835629,Gol_change_dw_2016_2020,2,1,6,"{""geodesic"":false,""type"":""Point"",""coordinates"":[8.991454319827747,60.80713041126289]}"
473,"60.81171, 8.99035",60.81171,8.99035,id_52399329,Gol_change_dw_2016_2020,3,6,3,"{""geodesic"":false,""type"":""Point"",""coordinates"":[8.990350273364703,60.81170919960614]}"
79,"60.64292, 8.84742",60.64292,8.84742,id_52718553,Gol_change_dw_2016_2020,1,6,5,"{""geodesic"":false,""type"":""Point"",""coordinates"":[8.84741790390224,60.64292083343723]}"
21,"60.77239, 8.78292",60.77239,8.78292,id_52831140,Gol_change_dw_2016_2020,1,6,6,"{""geodesic"":false,""type"":""Point"",""coordinates"":[8.782917334752621,60.77238913597288]}"
313,"60.7766, 8.95841",60.7766,8.95841,id_52850212,Gol_change_dw_2016_2020,1,6,6,"{""geodesic"":false,""type"":""Point"",""coordinates"":[8.95841385953195,60.776598408183936]}"
127,"60.66644, 9.02241",60.66644,9.02241,id_53174244,Gol_change_dw_2016_2020,1,6,6,"{""geodesic"":false,""type"":""Point"",""coordinates"":[9.022414529830325,60.66643946062393]}"
173,"60.73148, 9.24926",60.73148,9.24926,id_53384400,Gol_change_dw_2016_2020,1,6,6,"{""geodesic"":false,""type"":""Point"",""coordinates"":[9.249258830996192,60.73148205299001]}"
234,"60.69281, 8.9089",60.69281,8.9089,id_53416493,Gol_change_dw_2016_2020,1,6,6,"{""geodesic"":false,""type"":""Point"",""coordinates"":[8.90889504560065,60.69280668269392]}"
419,"60.7817, 8.92903",60.7817,8.92903,id_53625340,Gol_change_dw_2016_2020,2,1,5,"{""geodesic"":false,""type"":""Point"",""coordinates"":[8.929026043393652,60.78170366706607]}"
519,"60.7432, 8.98469",60.7432,8.98469,id_53651661,Gol_change_dw_2016_2020,4,1,1,"{""geodesic"":false,""type"":""Point"",""coordinates"":[8.984685055191047,60.74320496055321]}"
193,"60.83323, 8.82279",60.83323,8.82279,id_53659463,Gol_change_dw_2016_2020,1,6,9,"{""geodesic"":false,""type"":""Point"",""coordinates"":[8.822785412410454,60.833230060473625]}"
415,"60.80066, 8.77795",60.80066,8.77795,id_53837370,Gol_change_dw_2016_2020,2,3,5,"{""geodesic"":false,""type"":""Point"",""coordinates"":[8.777948705531312,60.80066243078455]}"
230,"60.73868, 8.81817",60.73868,8.81817,id_54168324,Gol_change_dw_2016_2020,1,6,6,"{""geodesic"":false,""type"":""Point"",""coordinates"":[8.818171909731875,60.738683261772024]}"
290,"60.76673, 8.99385",60.76673,8.99385,id_54489369,Gol_change_dw_2016_2020,1,6,6,"{""geodesic"":false,""type"":""Point"",""coordinates"":[8.993851181013879,60.766728672874486]}"
99,"60.7755, 8.7627",60.7755,8.7627,id_54507698,Gol_change_dw_2016_2020,1,6,6,"{""geodesic"":false,""type"":""Point"",""coordinates"":[8.762700569635772,60.77549730951899]}"
237,"60.74671, 8.78217",60.74671,8.78217,id_54843004,Gol_change_dw_2016_2020,1,6,6,"{""geodesic"":false,""type"":""Point"",""coordinates"":[8.782173618197055,60.746710096264174]}"
470,"60.74647, 8.87811",60.74647,8.87811,id_55194276,Gol_change_dw_2016_2020,3,1,1,"{""geodesic"":false,""type"":""Point"",""coordinates"":[8.878109949136661,60.74647242015184]}"
152,"60.80394, 9.11751",60.80394,9.11751,id_55404218,Gol_change_dw_2016_2020,1,5,5,"{""geodesic"":false,""type"":""Point"",""coordinates"":[9.117514413440853,60.80393692468116]}"
117,"60.79922, 9.05687",60.79922,9.05687,id_55548092,Gol_change_dw_2016_2020,1,6,6,"{""geodesic"":false,""type"":""Point"",""coordinates"":[9.056865284359418,60.7992178553923]}"
491,"60.73382, 8.88788",60.73382,8.88788,id_56458592,Gol_change_dw_2016_2020,3,2,1,"{""geodesic"":false,""type"":""Point"",""coordinates"":[8.887875937397732,60.73382158292575]}"
27,"60.7968, 8.96831",60.7968,8.96831,id_56595802,Gol_change_dw_2016_2020,1,6,6,"{""geodesic"":false,""type"":""Point"",""coordinates"":[8.968308490465303,60.796802045414005]}"
255,"60.8511, 8.92317",60.8511,8.92317,id_56601995,Gol_change_dw_2016_2020,1,6,9,"{""geodesic"":false,""type"":""Point"",""coordinates"":[8.923167254893448,60.851101601592866]}"
500,"60.75109, 8.83076",60.75109,8.83076,id_56684354,Gol_change_dw_2016_2020,4,1,1,"{""geodesic"":false,""type"":""Point"",""coordinates"":[8.830760319106219,60.75108974692291]}"
23,"60.7052, 9.17504",60.7052,9.17504,id_57404197,Gol_change_dw_2016_2020,1,6,6,"{""geodesic"":false,""type"":""Point"",""coordinates"":[9.175043917130125,60.7052032168593]}"
62,"60.83389, 8.99347",60.83389,8.99347,id_57530219,Gol_change_dw_2016_2020,1,1,6,"{""geodesic"":false,""type"":""Point"",""coordinates"":[8.993470429341501,60.833885405388244]}"
160,"60.79783, 9.12447",60.79783,9.12447,id_57750969,Gol_change_dw_2016_2020,1,6,6,"{""geodesic"":false,""type"":""Point"",""coordinates"":[9.124473571323772,60.79782549056142]}"
265,"60.67454, 9.13534",60.67454,9.13534,id_58144841,Gol_change_dw_2016_2020,1,5,5,"{""geodesic"":false,""type"":""Point"",""coordinates"":[9.135344645311553,60.674543264794295]}"
426,"60.83242, 8.82113",60.83242,8.82113,id_58681825,Gol_change_dw_2016_2020,2,1,5,"{""geodesic"":false,""type"":""Point"",""coordinates"":[8.821134582621685,60.83241984006463]}"
100,"60.76925, 8.73576",60.76925,8.73576,id_58872616,Gol_change_dw_2016_2020,1,6,6,"{""geodesic"":false,""type"":""Point"",""coordinates"":[8.735763080564382,60.76925199226395]}"
510,"60.85298, 8.91341",60.85298,8.91341,id_59073033,Gol_change_dw_2016_2020,4,1,9,"{""geodesic"":false,""type"":""Point"",""coordinates"":[8.913408548286876,60.85298107504188]}"
292,"60.79769, 9.06605",60.79769,9.06605,id_59233946,Gol_change_dw_2016_2020,1,6,6,"{""geodesic"":false,""type"":""Point"",""coordinates"":[9.066048771886654,60.79768736290516]}"
251,"60.79411, 8.97492",60.79411,8.97492,id_59315668,Gol_change_dw_2016_2020,1,6,6,"{""geodesic"":false,""type"":""Point"",""coordinates"":[8.974924475390312,60.79410998885763]}"
209,"60.67018, 8.81801",60.67018,8.81801,id_59970129,Gol_change_dw_2016_2020,1,6,6,"{""geodesic"":false,""type"":""Point"",""coordinates"":[8.818009356058838,60.67017839840213]}"
445,"60.70913, 8.88082",60.70913,8.88082,id_60020362,Gol_change_dw_2016_2020,2,3,6,"{""geodesic"":false,""type"":""Point"",""coordinates"":[8.880816441213879,60.70912519418186]}"
477,"60.69674, 8.89094",60.69674,8.89094,id_60112902,Gol_change_dw_2016_2020,3,1,1,"{""geodesic"":false,""type"":""Point"",""coordinates"":[8.890935403130594,60.696743733599746]}"
94,"60.77453, 8.83357",60.77453,8.83357,id_60329977,Gol_change_dw_2016_2020,1,6,6,"{""geodesic"":false,""type"":""Point"",""coordinates"":[8.833574262492927,60.77452648724938]}"
133,"60.7789, 9.1894",60.7789,9.1894,id_60422792,Gol_change_dw_2016_2020,1,9,9,"{""geodesic"":false,""type"":""Point"",""coordinates"":[9.189400495271418,60.778895374362726]}"
541,"60.70163, 8.94917",60.70163,8.94917,id_60441379,Gol_change_dw_2016_2020,4,1,1,"{""geodesic"":false,""type"":""Point"",""coordinates"":[8.949168753401734,60.70162675934508]}"
494,"60.78504, 9.00321",60.78504,9.00321,id_60456487,Gol_change_dw_2016_2020,3,1,1,"{""geodesic"":false,""type"":""Point"",""coordinates"":[9.003213902618905,60.785044319708256]}"
206,"60.7774, 9.16387",60.7774,9.16387,id_60562787,Gol_change_dw_2016_2020,1,6,9,"{""geodesic"":false,""type"":""Point"",""coordinates"":[9.16387013229424,60.77740266370845]}"
96,"60.76435, 9.10801",60.76435,9.10801,id_60736461,Gol_change_dw_2016_2020,1,6,9,"{""geodesic"":false,""type"":""Point"",""coordinates"":[9.108009349945725,60.764351017951384]}"
309,"60.80655, 9.11036",60.80655,9.11036,id_60781903,Gol_change_dw_2016_2020,1,5,5,"{""geodesic"":false,""type"":""Point"",""coordinates"":[9.110356756356534,60.80654666676515]}"
166,"60.7412, 8.91628",60.7412,8.91628,id_60948279,Gol_change_dw_2016_2020,1,6,6,"{""geodesic"":false,""type"":""Point"",""coordinates"":[8.91627738270519,60.7412044943542]}"
546,"60.69731, 8.92701",60.69731,8.92701,id_61360122,Gol_change_dw_2016_2020,4,1,1,"{""geodesic"":false,""type"":""Point"",""coordinates"":[8.927014283296778,60.69730693585799]}"
417,"60.7097, 8.93926",60.7097,8.93926,id_61441277,Gol_change_dw_2016_2020,2,1,1,"{""geodesic"":false,""type"":""Point"",""coordinates"":[8.939262032239387,60.7097031112806]}"
10,"60.6918, 8.80891",60.6918,8.80891,id_61602645,Gol_change_dw_2016_2020,1,6,6,"{""geodesic"":false,""type"":""Point"",""coordinates"":[8.808914310296043,60.69180358532209]}"
538,"60.692, 8.91586",60.692,8.91586,id_61604514,Gol_change_dw_2016_2020,4,1,1,"{""geodesic"":false,""type"":""Point"",""coordinates"":[8.915855917437318,60.69200318466]}"
359,"60.76413, 9.15426",60.76413,9.15426,id_61624472,Gol_change_dw_2016_2020,1,6,9,"{""geodesic"":false,""type"":""Point"",""coordinates"":[9.154258713040992,60.764126267587955]}"
113,"60.6975, 9.22372",60.6975,9.22372,id_61643409,Gol_change_dw_2016_2020,1,6,6,"{""geodesic"":false,""type"":""Point"",""coordinates"":[9.223720679003403,60.69749922411144]}"
294,"60.75295, 9.24484",60.75295,9.24484,id_61816237,Gol_change_dw_2016_2020,1,6,9,"{""geodesic"":false,""type"":""Point"",""coordinates"":[9.244838595043714,60.75294832270375]}"
396,"60.73135, 9.03639",60.73135,9.03639,id_61877041,Gol_change_dw_2016_2020,1,6,6,"{""geodesic"":false,""type"":""Point"",""coordinates"":[9.03639396434174,60.73134959374159]}"
435,"60.69786, 8.95852",60.69786,8.95852,id_62453717,Gol_change_dw_2016_2020,2,1,8,"{""geodesic"":false,""type"":""Point"",""coordinates"":[8.958515566723317,60.69785908693635]}"
372,"60.67984, 9.13226",60.67984,9.13226,id_63149926,Gol_change_dw_2016_2020,1,5,5,"{""geodesic"":false,""type"":""Point"",""coordinates"":[9.132255015900498,60.67984357931374]}"
73,"60.83755, 8.82957",60.83755,8.82957,id_6336157,Gol_change_dw_2016_2020,1,6,5,"{""geodesic"":false,""type"":""Point"",""coordinates"":[8.829567778749073,60.83754834234721]}"
216,"60.76339, 9.16527",60.76339,9.16527,id_63530610,Gol_change_dw_2016_2020,1,6,9,"{""geodesic"":false,""type"":""Point"",""coordinates"":[9.16526689020193,60.763394905042375]}"
332,"60.68427, 8.89501",60.68427,8.89501,id_63536360,Gol_change_dw_2016_2020,1,6,6,"{""geodesic"":false,""type"":""Point"",""coordinates"":[8.895005328794399,60.68426710349827]}"
360,"60.74783, 9.1085",60.74783,9.1085,id_63959573,Gol_change_dw_2016_2020,1,8,6,"{""geodesic"":false,""type"":""Point"",""coordinates"":[9.108504147274726,60.747830651450705]}"
207,"60.8188, 8.84143",60.8188,8.84143,id_64066837,Gol_change_dw_2016_2020,1,6,6,"{""geodesic"":false,""type"":""Point"",""coordinates"":[8.841433603783239,60.81879851661746]}"
429,"60.71357, 8.94933",60.71357,8.94933,id_64221358,Gol_change_dw_2016_2020,2,1,1,"{""geodesic"":false,""type"":""Point"",""coordinates"":[8.949333139967328,60.71356796324597]}"
421,"60.70904, 8.88375",60.70904,8.88375,id_64238771,Gol_change_dw_2016_2020,2,3,6,"{""geodesic"":false,""type"":""Point"",""coordinates"":[8.883748252400716,60.70903798547108]}"
45,"60.71695, 9.09924",60.71695,9.09924,id_64350530,Gol_change_dw_2016_2020,1,6,6,"{""geodesic"":false,""type"":""Point"",""coordinates"":[9.099236872985095,60.71695256404285]}"
327,"60.75018, 9.17804",60.75018,9.17804,id_64600359,Gol_change_dw_2016_2020,1,5,5,"{""geodesic"":false,""type"":""Point"",""coordinates"":[9.178040625428853,60.75018053154043]}"
187,"60.80845, 8.91022",60.80845,8.91022,id_64836316,Gol_change_dw_2016_2020,1,4,9,"{""geodesic"":false,""type"":""Point"",""coordinates"":[8.91022070692072,60.80844741017956]}"
333,"60.80736, 8.90269",60.80736,8.90269,id_64997987,Gol_change_dw_2016_2020,1,6,9,"{""geodesic"":false,""type"":""Point"",""coordinates"":[8.902688777245304,60.80736478520653]}"
543,"60.69837, 8.9076",60.69837,8.9076,id_65140461,Gol_change_dw_2016_2020,4,1,1,"{""geodesic"":false,""type"":""Point"",""coordinates"":[8.907597201358023,60.69837235405019]}"
369,"60.81952, 8.96148",60.81952,8.96148,id_6550980,Gol_change_dw_2016_2020,1,6,9,"{""geodesic"":false,""type"":""Point"",""coordinates"":[8.961483615296707,60.81951502080505]}"
272,"60.71388, 8.88172",60.71388,8.88172,id_6564335,Gol_change_dw_2016_2020,1,6,6,"{""geodesic"":false,""type"":""Point"",""coordinates"":[8.881715046413314,60.71388449162342]}"
56,"60.72252, 9.18504",60.72252,9.18504,id_65644330,Gol_change_dw_2016_2020,1,6,6,"{""geodesic"":false,""type"":""Point"",""coordinates"":[9.185036040162002,60.72251794684177]}"
74,"60.76992, 8.90042",60.76992,8.90042,id_65865694,Gol_change_dw_2016_2020,1,6,6,"{""geodesic"":false,""type"":""Point"",""coordinates"":[8.90041590770343,60.76992403411037]}"
52,"60.80664, 8.88836",60.80664,8.88836,id_66019159,Gol_change_dw_2016_2020,1,6,9,"{""geodesic"":false,""type"":""Point"",""coordinates"":[8.888356510417468,60.80663538537033]}"
336,"60.74636, 8.85536",60.74636,8.85536,id_66122953,Gol_change_dw_2016_2020,1,6,6,"{""geodesic"":false,""type"":""Point"",""coordinates"":[8.85536495929976,60.74636004633633]}"
104,"60.76226, 8.79326",60.76226,8.79326,id_66328556,Gol_change_dw_2016_2020,1,6,6,"{""geodesic"":false,""type"":""Point"",""coordinates"":[8.793263019834322,60.762260044375246]}"
507,"60.6747, 9.03285",60.6747,9.03285,id_66365624,Gol_change_dw_2016_2020,4,1,1,"{""geodesic"":false,""type"":""Point"",""coordinates"":[9.032852561090845,60.67469738999412]}"
60,"60.75216, 9.07274",60.75216,9.07274,id_66639416,Gol_change_dw_2016_2020,1,6,6,"{""geodesic"":false,""type"":""Point"",""coordinates"":[9.072743345090563,60.75216436344357]}"
416,"60.71002, 8.88246",60.71002,8.88246,id_66736904,Gol_change_dw_2016_2020,2,1,6,"{""geodesic"":false,""type"":""Point"",""coordinates"":[8.88246212451843,60.71002447785321]}"
403,"60.83335, 9.00414",60.83335,9.00414,id_6692916,Gol_change_dw_2016_2020,2,1,9,"{""geodesic"":false,""type"":""Point"",""coordinates"":[9.004138390681968,60.83334681245211]}"
352,"60.78998, 9.15695",60.78998,9.15695,id_67070185,Gol_change_dw_2016_2020,1,6,9,"{""geodesic"":false,""type"":""Point"",""coordinates"":[9.156954517753984,60.789980427699206]}"
243,"60.80765, 8.93191",60.80765,8.93191,id_67140859,Gol_change_dw_2016_2020,1,6,9,"{""geodesic"":false,""type"":""Point"",""coordinates"":[8.931909109548268,60.80765211778739]}"
131,"60.69661, 8.9957",60.69661,8.9957,id_67391487,Gol_change_dw_2016_2020,1,6,6,"{""geodesic"":false,""type"":""Point"",""coordinates"":[8.99569604289026,60.6966084738834]}"
501,"60.80839, 8.99384",60.80839,8.99384,id_67625953,Gol_change_dw_2016_2020,4,1,1,"{""geodesic"":false,""type"":""Point"",""coordinates"":[8.99384319333657,60.80838748510109]}"
72,"60.72389, 8.8364",60.72389,8.8364,id_67794308,Gol_change_dw_2016_2020,1,6,6,"{""geodesic"":false,""type"":""Point"",""coordinates"":[8.8364024873744,60.72389255938674]}"
232,"60.74499, 9.16609",60.74499,9.16609,id_680018,Gol_change_dw_2016_2020,1,6,9,"{""geodesic"":false,""type"":""Point"",""coordinates"":[9.166089365039566,60.74498846290391]}"
324,"60.66759, 9.06523",60.66759,9.06523,id_68007700,Gol_change_dw_2016_2020,1,6,6,"{""geodesic"":false,""type"":""Point"",""coordinates"":[9.065233195307028,60.667592637339204]}"
308,"60.74882, 9.24554",60.74882,9.24554,id_6810827,Gol_change_dw_2016_2020,1,6,9,"{""geodesic"":false,""type"":""Point"",""coordinates"":[9.245540904525969,60.74881702841573]}"
129,"60.76502, 8.84152",60.76502,8.84152,id_68239181,Gol_change_dw_2016_2020,1,6,6,"{""geodesic"":false,""type"":""Point"",""coordinates"":[8.841515637874847,60.76501916869358]}"
412,"60.71335, 9.11663",60.71335,9.11663,id_68239494,Gol_change_dw_2016_2020,2,5,6,"{""geodesic"":false,""type"":""Point"",""coordinates"":[9.11663379629227,60.71334724003987]}"
256,"60.76294, 8.93274",60.76294,8.93274,id_68621600,Gol_change_dw_2016_2020,1,6,6,"{""geodesic"":false,""type"":""Point"",""coordinates"":[8.932738008956216,60.762941106183476]}"
105,"60.80862, 9.10467",60.80862,9.10467,id_68757783,Gol_change_dw_2016_2020,1,5,5,"{""geodesic"":false,""type"":""Point"",""coordinates"":[9.104666490314711,60.80861620037194]}"
11,"60.73976, 9.24034",60.73976,9.24034,id_68913905,Gol_change_dw_2016_2020,1,6,9,"{""geodesic"":false,""type"":""Point"",""coordinates"":[9.240336697967773,60.73975837632785]}"
447,"60.78279, 8.94831",60.78279,8.94831,id_69020310,Gol_change_dw_2016_2020,2,1,6,"{""geodesic"":false,""type"":""Point"",""coordinates"":[8.948305708488602,60.782789858009686]}"
467,"60.78226, 9.1582",60.78226,9.1582,id_69121115,Gol_change_dw_2016_2020,3,5,9,"{""geodesic"":false,""type"":""Point"",""coordinates"":[9.158202203158739,60.78225770122131]}"
220,"60.68257, 9.09089",60.68257,9.09089,id_69143539,Gol_change_dw_2016_2020,1,6,6,"{""geodesic"":false,""type"":""Point"",""coordinates"":[9.090892951628977,60.68257152710979]}"
125,"60.81026, 9.06846",60.81026,9.06846,id_69170653,Gol_change_dw_2016_2020,1,6,9,"{""geodesic"":false,""type"":""Point"",""coordinates"":[9.068464012011031,60.81025559655435]}"
511,"60.70459, 8.95429",60.70459,8.95429,id_69208188,Gol_change_dw_2016_2020,4,1,1,"{""geodesic"":false,""type"":""Point"",""coordinates"":[8.954293464610299,60.704591446327484]}"
242,"60.7814, 8.87761",60.7814,8.87761,id_69337188,Gol_change_dw_2016_2020,1,6,6,"{""geodesic"":false,""type"":""Point"",""coordinates"":[8.87761008266447,60.78139729880151]}"
539,"60.75122, 8.87057",60.75122,8.87057,id_69536966,Gol_change_dw_2016_2020,4,1,1,"{""geodesic"":false,""type"":""Point"",""coordinates"":[8.870570129637711,60.751223834491995]}"
318,"60.76962, 8.74072",60.76962,8.74072,id_69564118,Gol_change_dw_2016_2020,1,6,6,"{""geodesic"":false,""type"":""Point"",""coordinates"":[8.740716283915203,60.76962078168647]}"
7,"60.65512, 8.83639",60.65512,8.83639,id_69718117,Gol_change_dw_2016_2020,1,6,5,"{""geodesic"":false,""type"":""Point"",""coordinates"":[8.836385508502193,60.655118426312356]}"
398,"60.79465, 9.01901",60.79465,9.01901,id_69973497,Gol_change_dw_2016_2020,1,6,6,"{""geodesic"":false,""type"":""Point"",""coordinates"":[9.01901362959692,60.79464967483024]}"
431,"60.82141, 8.98777",60.82141,8.98777,id_70081250,Gol_change_dw_2016_2020,2,1,1,"{""geodesic"":false,""type"":""Point"",""coordinates"":[8.987773314613406,60.82140539547081]}"
370,"60.67388, 9.05555",60.67388,9.05555,id_7032341,Gol_change_dw_2016_2020,1,6,6,"{""geodesic"":false,""type"":""Point"",""coordinates"":[9.055545964309294,60.67388185140348]}"
153,"60.74672, 8.73852",60.74672,8.73852,id_70523242,Gol_change_dw_2016_2020,1,4,4,"{""geodesic"":false,""type"":""Point"",""coordinates"":[8.73851638444107,60.74672189841865]}"
286,"60.74119, 8.81339",60.74119,8.81339,id_7073577,Gol_change_dw_2016_2020,1,6,9,"{""geodesic"":false,""type"":""Point"",""coordinates"":[8.813389290050388,60.741190612764846]}"
197,"60.67793, 8.96092",60.67793,8.96092,id_71190720,Gol_change_dw_2016_2020,1,6,6,"{""geodesic"":false,""type"":""Point"",""coordinates"":[8.960920753091782,60.67792792194735]}"
89,"60.72512, 8.81128",60.72512,8.81128,id_71351532,Gol_change_dw_2016_2020,1,6,9,"{""geodesic"":false,""type"":""Point"",""coordinates"":[8.811282816438247,60.72511652503223]}"
293,"60.7555, 9.16413",60.7555,9.16413,id_7162698,Gol_change_dw_2016_2020,1,9,9,"{""geodesic"":false,""type"":""Point"",""coordinates"":[9.164125359715346,60.755495446248624]}"
261,"60.6367, 9.07742",60.6367,9.07742,id_71708354,Gol_change_dw_2016_2020,1,6,6,"{""geodesic"":false,""type"":""Point"",""coordinates"":[9.077418860673008,60.63670052350103]}"
157,"60.69333, 9.11601",60.69333,9.11601,id_7176024,Gol_change_dw_2016_2020,1,5,6,"{""geodesic"":false,""type"":""Point"",""coordinates"":[9.116011913863263,60.69332613600034]}"
542,"60.69533, 8.93123",60.69533,8.93123,id_71848456,Gol_change_dw_2016_2020,4,1,1,"{""geodesic"":false,""type"":""Point"",""coordinates"":[8.931230972449857,60.695333935611146]}"
108,"60.67317, 9.01821",60.67317,9.01821,id_72160589,Gol_change_dw_2016_2020,1,6,6,"{""geodesic"":false,""type"":""Point"",""coordinates"":[9.018209890209528,60.67317386184042]}"
254,"60.7784, 8.97035",60.7784,8.97035,id_72215523,Gol_change_dw_2016_2020,1,6,6,"{""geodesic"":false,""type"":""Point"",""coordinates"":[8.970346411159813,60.77839721532542]}"
278,"60.68967, 9.0878",60.68967,9.0878,id_72263026,Gol_change_dw_2016_2020,1,6,6,"{""geodesic"":false,""type"":""Point"",""coordinates"":[9.087800134852989,60.689666473878354]}"
377,"60.67001, 9.17321",60.67001,9.17321,id_7254124,Gol_change_dw_2016_2020,1,6,6,"{""geodesic"":false,""type"":""Point"",""coordinates"":[9.173205865512733,60.67001047825098]}"
140,"60.78477, 9.01001",60.78477,9.01001,id_72567732,Gol_change_dw_2016_2020,1,6,6,"{""geodesic"":false,""type"":""Point"",""coordinates"":[9.01000892693018,60.78477463927246]}"
5,"60.68651, 9.10628",60.68651,9.10628,id_72686043,Gol_change_dw_2016_2020,1,6,6,"{""geodesic"":false,""type"":""Point"",""coordinates"":[9.106283610745487,60.686510671841575]}"
479,"60.7008, 8.92041",60.7008,8.92041,id_7287522,Gol_change_dw_2016_2020,3,6,1,"{""geodesic"":false,""type"":""Point"",""coordinates"":[8.920412197987696,60.70080472138965]}"
341,"60.79699, 8.85183",60.79699,8.85183,id_73045634,Gol_change_dw_2016_2020,1,6,6,"{""geodesic"":false,""type"":""Point"",""coordinates"":[8.85182974407268,60.79699340284562]}"
109,"60.77759, 8.96851",60.77759,8.96851,id_7311211,Gol_change_dw_2016_2020,1,6,6,"{""geodesic"":false,""type"":""Point"",""coordinates"":[8.968511068563586,60.77758875888685]}"
420,"60.79687, 9.08662",60.79687,9.08662,id_73188123,Gol_change_dw_2016_2020,2,1,6,"{""geodesic"":false,""type"":""Point"",""coordinates"":[9.086623651476682,60.79686763307988]}"
163,"60.84213, 8.83488",60.84213,8.83488,id_73205347,Gol_change_dw_2016_2020,1,6,9,"{""geodesic"":false,""type"":""Point"",""coordinates"":[8.83487877177974,60.842133822778344]}"
107,"60.68804, 9.24453",60.68804,9.24453,id_73408961,Gol_change_dw_2016_2020,1,6,6,"{""geodesic"":false,""type"":""Point"",""coordinates"":[9.24452827167802,60.68803559594391]}"
364,"60.72335, 8.83201",60.72335,8.83201,id_74053104,Gol_change_dw_2016_2020,1,6,6,"{""geodesic"":false,""type"":""Point"",""coordinates"":[8.832006061258662,60.72334842609556]}"
366,"60.74613, 8.90453",60.74613,8.90453,id_74134628,Gol_change_dw_2016_2020,1,5,5,"{""geodesic"":false,""type"":""Point"",""coordinates"":[8.904525063624948,60.746134687169]}"
46,"60.73204, 9.23826",60.73204,9.23826,id_74148311,Gol_change_dw_2016_2020,1,6,9,"{""geodesic"":false,""type"":""Point"",""coordinates"":[9.23826217834335,60.73204073676435]}"
323,"60.69832, 9.21841",60.69832,9.21841,id_74237555,Gol_change_dw_2016_2020,1,6,9,"{""geodesic"":false,""type"":""Point"",""coordinates"":[9.218414784403038,60.69831602694079]}"
549,"60.71429, 8.94695",60.71429,8.94695,id_74534835,Gol_change_dw_2016_2020,4,1,1,"{""geodesic"":false,""type"":""Point"",""coordinates"":[8.946949790280286,60.71428530488942]}"
212,"60.74025, 8.85282",60.74025,8.85282,id_74945567,Gol_change_dw_2016_2020,1,6,6,"{""geodesic"":false,""type"":""Point"",""coordinates"":[8.852824893433555,60.74025206222464]}"
47,"60.79824, 9.01993",60.79824,9.01993,id_75096231,Gol_change_dw_2016_2020,1,6,6,"{""geodesic"":false,""type"":""Point"",""coordinates"":[9.019934394010788,60.79824081358548]}"
338,"60.737, 9.22693",60.737,9.22693,id_75417791,Gol_change_dw_2016_2020,1,6,6,"{""geodesic"":false,""type"":""Point"",""coordinates"":[9.22692948257569,60.73699845451149]}"
404,"60.79733, 8.77136",60.79733,8.77136,id_75486450,Gol_change_dw_2016_2020,2,1,1,"{""geodesic"":false,""type"":""Point"",""coordinates"":[8.771357763340012,60.797329434432406]}"
116,"60.74681, 8.86013",60.74681,8.86013,id_7576411,Gol_change_dw_2016_2020,1,6,6,"{""geodesic"":false,""type"":""Point"",""coordinates"":[8.860132184968954,60.74681401380097]}"
211,"60.74043, 9.26455",60.74043,9.26455,id_75857215,Gol_change_dw_2016_2020,1,6,9,"{""geodesic"":false,""type"":""Point"",""coordinates"":[9.264550211945128,60.74043107577422]}"
547,"60.69551, 8.92665",60.69551,8.92665,id_76035262,Gol_change_dw_2016_2020,4,1,1,"{""geodesic"":false,""type"":""Point"",""coordinates"":[8.92665207064978,60.69551107430324]}"
275,"60.69092, 8.81588",60.69092,8.81588,id_76066967,Gol_change_dw_2016_2020,1,6,6,"{""geodesic"":false,""type"":""Point"",""coordinates"":[8.815877957572475,60.6909154991023]}"
122,"60.67445, 9.13589",60.67445,9.13589,id_76134582,Gol_change_dw_2016_2020,1,5,5,"{""geodesic"":false,""type"":""Point"",""coordinates"":[9.135893330540645,60.67445292574745]}"
485,"60.81279, 8.98814",60.81279,8.98814,id_76139797,Gol_change_dw_2016_2020,3,6,3,"{""geodesic"":false,""type"":""Point"",""coordinates"":[8.988144223164644,60.81278640215742]}"
149,"60.70069, 9.24646",60.70069,9.24646,id_76205248,Gol_change_dw_2016_2020,1,6,6,"{""geodesic"":false,""type"":""Point"",""coordinates"":[9.246456076638736,60.700691553571176]}"
85,"60.7789, 9.18958",60.7789,9.18958,id_76316051,Gol_change_dw_2016_2020,1,6,9,"{""geodesic"":false,""type"":""Point"",""coordinates"":[9.189584110664423,60.77889511521724]}"
119,"60.74352, 9.28934",60.74352,9.28934,id_76402639,Gol_change_dw_2016_2020,1,6,9,"{""geodesic"":false,""type"":""Point"",""coordinates"":[9.289336735054993,60.74352231603613]}"
411,"60.72308, 8.94785",60.72308,8.94785,id_76593258,Gol_change_dw_2016_2020,2,1,6,"{""geodesic"":false,""type"":""Point"",""coordinates"":[8.94785177187491,60.72308438014634]}"
185,"60.78507, 8.86401",60.78507,8.86401,id_76687879,Gol_change_dw_2016_2020,1,6,6,"{""geodesic"":false,""type"":""Point"",""coordinates"":[8.86400585075707,60.785065275813146]}"
37,"60.7054, 9.03618",60.7054,9.03618,id_76707657,Gol_change_dw_2016_2020,1,6,6,"{""geodesic"":false,""type"":""Point"",""coordinates"":[9.036181434528656,60.705402403080996]}"
150,"60.6964, 9.17664",60.6964,9.17664,id_76781172,Gol_change_dw_2016_2020,1,5,5,"{""geodesic"":false,""type"":""Point"",""coordinates"":[9.176644403759019,60.69640235245567]}"
175,"60.67617, 9.12144",60.67617,9.12144,id_76823210,Gol_change_dw_2016_2020,1,6,6,"{""geodesic"":false,""type"":""Point"",""coordinates"":[9.121441112645371,60.67617269395003]}"
450,"60.75025, 8.81077",60.75025,8.81077,id_77209942,Gol_change_dw_2016_2020,3,6,1,"{""geodesic"":false,""type"":""Point"",""coordinates"":[8.81076831461576,60.75025499838741]}"
407,"60.81207, 8.97601",60.81207,8.97601,id_77319569,Gol_change_dw_2016_2020,2,1,9,"{""geodesic"":false,""type"":""Point"",""coordinates"":[8.976013268970705,60.81206653138425]}"
489,"60.68385, 8.83606",60.68385,8.83606,id_77446145,Gol_change_dw_2016_2020,3,1,1,"{""geodesic"":false,""type"":""Point"",""coordinates"":[8.836056587595179,60.68384881038886]}"
34,"60.75757, 9.02523",60.75757,9.02523,id_78238514,Gol_change_dw_2016_2020,1,6,6,"{""geodesic"":false,""type"":""Point"",""coordinates"":[9.025230494603209,60.75756865087839]}"
77,"60.85027, 8.88802",60.85027,8.88802,id_78285686,Gol_change_dw_2016_2020,1,1,9,"{""geodesic"":false,""type"":""Point"",""coordinates"":[8.888020317805857,60.85026889637693]}"
199,"60.66731, 9.18124",60.66731,9.18124,id_78348511,Gol_change_dw_2016_2020,1,6,6,"{""geodesic"":false,""type"":""Point"",""coordinates"":[9.18124251062801,60.66730633244258]}"
186,"60.79163, 9.13014",60.79163,9.13014,id_78400085,Gol_change_dw_2016_2020,1,6,6,"{""geodesic"":false,""type"":""Point"",""coordinates"":[9.130143889597337,60.79162516173492]}"
350,"60.78141, 8.80801",60.78141,8.80801,id_78453487,Gol_change_dw_2016_2020,1,6,6,"{""geodesic"":false,""type"":""Point"",""coordinates"":[8.80801385440812,60.78140560600895]}"
134,"60.76857, 8.89363",60.76857,8.89363,id_78568185,Gol_change_dw_2016_2020,1,6,6,"{""geodesic"":false,""type"":""Point"",""coordinates"":[8.89362847153825,60.76857209349266]}"
394,"60.7244, 9.10348",60.7244,9.10348,id_78743976,Gol_change_dw_2016_2020,1,6,6,"{""geodesic"":false,""type"":""Point"",""coordinates"":[9.103475873469918,60.72440134056302]}"
418,"60.85017, 8.87753",60.85017,8.87753,id_79063686,Gol_change_dw_2016_2020,2,9,9,"{""geodesic"":false,""type"":""Point"",""coordinates"":[8.877531219301051,60.850169971360344]}"
103,"60.76165, 9.11828",60.76165,9.11828,id_79338163,Gol_change_dw_2016_2020,1,6,6,"{""geodesic"":false,""type"":""Point"",""coordinates"":[9.118277272212847,60.761648891873385]}"
54,"60.82837, 8.81399",60.82837,8.81399,id_79435969,Gol_change_dw_2016_2020,1,6,9,"{""geodesic"":false,""type"":""Point"",""coordinates"":[8.813985079840284,60.82836996459954]}"
339,"60.76466, 9.04212",60.76466,9.04212,id_79562885,Gol_change_dw_2016_2020,1,6,6,"{""geodesic"":false,""type"":""Point"",""coordinates"":[9.042121283964324,60.76465721351153]}"
17,"60.67544, 8.79638",60.67544,8.79638,id_79568241,Gol_change_dw_2016_2020,1,6,6,"{""geodesic"":false,""type"":""Point"",""coordinates"":[8.796382394405398,60.67544451143436]}"
82,"60.81304, 9.06461",60.81304,9.06461,id_79582895,Gol_change_dw_2016_2020,1,6,9,"{""geodesic"":false,""type"":""Point"",""coordinates"":[9.06460990804124,60.813040735731626]}"
499,"60.69531, 8.89607",60.69531,8.89607,id_79825475,Gol_change_dw_2016_2020,3,6,1,"{""geodesic"":false,""type"":""Point"",""coordinates"":[8.896068170576928,60.69531128035612]}"
115,"60.79921, 9.07873",60.79921,9.07873,id_80151561,Gol_change_dw_2016_2020,1,6,6,"{""geodesic"":false,""type"":""Point"",""coordinates"":[9.078729460046628,60.79920681975592]}"
458,"60.68477, 8.85491",60.68477,8.85491,id_8032883,Gol_change_dw_2016_2020,3,4,1,"{""geodesic"":false,""type"":""Point"",""coordinates"":[8.854909165946577,60.68476838584794]}"
387,"60.76068, 9.24068",60.76068,9.24068,id_80433423,Gol_change_dw_2016_2020,1,6,9,"{""geodesic"":false,""type"":""Point"",""coordinates"":[9.240676696796841,60.76067716856663]}"
30,"60.67945, 8.93676",60.67945,8.93676,id_80460560,Gol_change_dw_2016_2020,1,6,6,"{""geodesic"":false,""type"":""Point"",""coordinates"":[8.936756364454537,60.67944501223843]}"
492,"60.81324, 8.98888",60.81324,8.98888,id_80462545,Gol_change_dw_2016_2020,3,6,3,"{""geodesic"":false,""type"":""Point"",""coordinates"":[8.988879309389349,60.81323537291602]}"
374,"60.77994, 9.1446",60.77994,9.1446,id_80485006,Gol_change_dw_2016_2020,1,6,6,"{""geodesic"":false,""type"":""Point"",""coordinates"":[9.144602693812748,60.7799386994725]}"
301,"60.82347, 8.84233",60.82347,8.84233,id_80534236,Gol_change_dw_2016_2020,1,6,5,"{""geodesic"":false,""type"":""Point"",""coordinates"":[8.842329855941289,60.82346821696787]}"
102,"60.74674, 9.12666",60.74674,9.12666,id_80552052,Gol_change_dw_2016_2020,1,6,9,"{""geodesic"":false,""type"":""Point"",""coordinates"":[9.126660310713573,60.74673734945636]}"
112,"60.76499, 8.90759",60.76499,8.90759,id_80838187,Gol_change_dw_2016_2020,1,6,6,"{""geodesic"":false,""type"":""Point"",""coordinates"":[8.907589146960419,60.76499113987346]}"
325,"60.80929, 8.84791",60.80929,8.84791,id_80919955,Gol_change_dw_2016_2020,1,6,6,"{""geodesic"":false,""type"":""Point"",""coordinates"":[8.847913315671363,60.80928914278657]}"
39,"60.74397, 9.19103",60.74397,9.19103,id_81044902,Gol_change_dw_2016_2020,1,4,9,"{""geodesic"":false,""type"":""Point"",""coordinates"":[9.19102884763154,60.74396766081499]}"
520,"60.70091, 8.94569",60.70091,8.94569,id_8106834,Gol_change_dw_2016_2020,4,1,1,"{""geodesic"":false,""type"":""Point"",""coordinates"":[8.94568962893618,60.70090712996929]}"
504,"60.70655, 8.91179",60.70655,8.91179,id_81293150,Gol_change_dw_2016_2020,4,1,1,"{""geodesic"":false,""type"":""Point"",""coordinates"":[8.911787431884322,60.70654544184872]}"
95,"60.76318, 8.80794",60.76318,8.80794,id_81501800,Gol_change_dw_2016_2020,1,6,6,"{""geodesic"":false,""type"":""Point"",""coordinates"":[8.807939271908669,60.76317967360226]}"
368,"60.81942, 9.0433",60.81942,9.0433,id_81811377,Gol_change_dw_2016_2020,1,6,5,"{""geodesic"":false,""type"":""Point"",""coordinates"":[9.043296338274889,60.819423784256315]}"
444,"60.80848, 8.98318",60.80848,8.98318,id_81811649,Gol_change_dw_2016_2020,2,1,9,"{""geodesic"":false,""type"":""Point"",""coordinates"":[8.983183600749632,60.808476355369635]}"
225,"60.71573, 9.0252",60.71573,9.0252,id_8195636,Gol_change_dw_2016_2020,1,6,6,"{""geodesic"":false,""type"":""Point"",""coordinates"":[9.025197688565237,60.715729958786284]}"
321,"60.72978, 9.11724",60.72978,9.11724,id_82090689,Gol_change_dw_2016_2020,1,8,8,"{""geodesic"":false,""type"":""Point"",""coordinates"":[9.117243375054565,60.72977698113281]}"
249,"60.84204, 8.9357",60.84204,8.9357,id_82134106,Gol_change_dw_2016_2020,1,6,9,"{""geodesic"":false,""type"":""Point"",""coordinates"":[8.93569953750497,60.842040281077814]}"
214,"60.85453, 8.84365",60.85453,8.84365,id_82250787,Gol_change_dw_2016_2020,1,6,9,"{""geodesic"":false,""type"":""Point"",""coordinates"":[8.843649221307814,60.854534124870966]}"
348,"60.82497, 8.82154",60.82497,8.82154,id_82274240,Gol_change_dw_2016_2020,1,6,9,"{""geodesic"":false,""type"":""Point"",""coordinates"":[8.82154394351273,60.82496851154796]}"
2,"60.84024, 8.93313",60.84024,8.93313,id_82487661,Gol_change_dw_2016_2020,1,6,9,"{""geodesic"":false,""type"":""Point"",""coordinates"":[8.933127591799403,60.84024340174169]}"
221,"60.72211, 8.99789",60.72211,8.99789,id_82528810,Gol_change_dw_2016_2020,1,6,6,"{""geodesic"":false,""type"":""Point"",""coordinates"":[8.997892139327373,60.72210689217014]}"
402,"60.82502, 8.86696",60.82502,8.86696,id_82545855,Gol_change_dw_2016_2020,2,1,9,"{""geodesic"":false,""type"":""Point"",""coordinates"":[8.866962266521178,60.8250211448947]}"
90,"60.7432, 8.97038",60.7432,8.97038,id_82561819,Gol_change_dw_2016_2020,1,6,6,"{""geodesic"":false,""type"":""Point"",""coordinates"":[8.970378880904843,60.74320256468245]}"
408,"60.76772, 9.0056",60.76772,9.0056,id_82599290,Gol_change_dw_2016_2020,2,1,6,"{""geodesic"":false,""type"":""Point"",""coordinates"":[9.005598350635738,60.767716301136524]}"
287,"60.65996, 9.06028",60.65996,9.06028,id_82956364,Gol_change_dw_2016_2020,1,6,6,"{""geodesic"":false,""type"":""Point"",""coordinates"":[9.060278411401473,60.65996335113901]}"
58,"60.85906, 8.87787",60.85906,8.87787,id_8306104,Gol_change_dw_2016_2020,1,6,6,"{""geodesic"":false,""type"":""Point"",""coordinates"":[8.877865350385818,60.8590586068927]}"
306,"60.83442, 8.98795",60.83442,8.98795,id_8343134,Gol_change_dw_2016_2020,1,6,6,"{""geodesic"":false,""type"":""Point"",""coordinates"":[8.987952279783844,60.83442371186531]}"
453,"60.81288, 8.98961",60.81288,8.98961,id_84164866,Gol_change_dw_2016_2020,3,6,3,"{""geodesic"":false,""type"":""Point"",""coordinates"":[8.98961467799592,60.812876305444334]}"
273,"60.79055, 9.13271",60.79055,9.13271,id_84224676,Gol_change_dw_2016_2020,1,6,6,"{""geodesic"":false,""type"":""Point"",""coordinates"":[9.13271107574985,60.79054526544007]}"
26,"60.74088, 9.14388",60.74088,9.14388,id_844708,Gol_change_dw_2016_2020,1,5,9,"{""geodesic"":false,""type"":""Point"",""coordinates"":[9.143876807450633,60.74088411910251]}"
414,"60.70958, 8.88906",60.70958,8.88906,id_84629791,Gol_change_dw_2016_2020,2,1,6,"{""geodesic"":false,""type"":""Point"",""coordinates"":[8.889059702653723,60.70958118446332]}"
502,"60.6579, 9.05186",60.6579,9.05186,id_84950456,Gol_change_dw_2016_2020,4,1,1,"{""geodesic"":false,""type"":""Point"",""coordinates"":[9.051859900396654,60.65790185113195]}"
48,"60.81422, 8.9977",60.81422,8.9977,id_85634363,Gol_change_dw_2016_2020,1,6,6,"{""geodesic"":false,""type"":""Point"",""coordinates"":[8.997702265835056,60.81422341075622]}"
126,"60.68009, 8.98673",60.68009,8.98673,id_85807530,Gol_change_dw_2016_2020,1,6,6,"{""geodesic"":false,""type"":""Point"",""coordinates"":[8.98672864095117,60.680087765555626]}"
145,"60.67982, 9.21884",60.67982,9.21884,id_85940765,Gol_change_dw_2016_2020,1,8,9,"{""geodesic"":false,""type"":""Point"",""coordinates"":[9.218838591449558,60.679819915559115]}"
136,"60.76419, 8.82335",60.76419,8.82335,id_86033223,Gol_change_dw_2016_2020,1,5,5,"{""geodesic"":false,""type"":""Point"",""coordinates"":[8.823349996531823,60.764188448201786]}"
532,"60.69981, 8.9162",60.69981,8.9162,id_86616156,Gol_change_dw_2016_2020,4,1,1,"{""geodesic"":false,""type"":""Point"",""coordinates"":[8.916201839894354,60.69981454063719]}"
508,"60.69337, 9.0228",60.69337,9.0228,id_86647687,Gol_change_dw_2016_2020,4,1,1,"{""geodesic"":false,""type"":""Point"",""coordinates"":[9.022799526412612,60.693374409432316]}"
474,"60.78572, 8.89871",60.78572,8.89871,id_86835821,Gol_change_dw_2016_2020,3,5,1,"{""geodesic"":false,""type"":""Point"",""coordinates"":[8.898713980612488,60.78572441526585]}"
393,"60.71588, 8.90077",60.71588,8.90077,id_86909092,Gol_change_dw_2016_2020,1,6,6,"{""geodesic"":false,""type"":""Point"",""coordinates"":[8.900766449111108,60.715875171066465]}"
15,"60.79351, 8.86875",60.79351,8.86875,id_86929867,Gol_change_dw_2016_2020,1,6,6,"{""geodesic"":false,""type"":""Point"",""coordinates"":[8.868746264592598,60.793509503214935]}"
509,"60.70235, 8.95979",60.70235,8.95979,id_87012705,Gol_change_dw_2016_2020,4,1,1,"{""geodesic"":false,""type"":""Point"",""coordinates"":[8.95979204158058,60.702348631666254]}"
376,"60.72544, 9.14271",60.72544,9.14271,id_87039133,Gol_change_dw_2016_2020,1,6,6,"{""geodesic"":false,""type"":""Point"",""coordinates"":[9.142707875437365,60.72544272571643]}"
291,"60.81232, 8.92455",60.81232,8.92455,id_87194894,Gol_change_dw_2016_2020,1,6,9,"{""geodesic"":false,""type"":""Point"",""coordinates"":[8.924546886511418,60.81231683110434]}"
463,"60.80254, 8.95507",60.80254,8.95507,id_87214839,Gol_change_dw_2016_2020,3,6,1,"{""geodesic"":false,""type"":""Point"",""coordinates"":[8.955072685895248,60.802544303881255]}"
498,"60.70333, 8.94605",60.70333,8.94605,id_87326031,Gol_change_dw_2016_2020,3,8,1,"{""geodesic"":false,""type"":""Point"",""coordinates"":[8.946051910868272,60.70333141987316]}"
466,"60.73436, 8.88567",60.73436,8.88567,id_87470774,Gol_change_dw_2016_2020,3,2,6,"{""geodesic"":false,""type"":""Point"",""coordinates"":[8.885673718806073,60.73435842040681]}"
132,"60.71546, 9.0109",60.71546,9.0109,id_8806452,Gol_change_dw_2016_2020,1,6,6,"{""geodesic"":false,""type"":""Point"",""coordinates"":[9.010903636302343,60.715462534431566]}"
281,"60.77678, 9.00835",60.77678,9.00835,id_88081307,Gol_change_dw_2016_2020,1,6,6,"{""geodesic"":false,""type"":""Point"",""coordinates"":[9.00835399671374,60.77678415307194]}"
49,"60.70774, 9.3121",60.70774,9.3121,id_88119026,Gol_change_dw_2016_2020,1,6,9,"{""geodesic"":false,""type"":""Point"",""coordinates"":[9.312099750392656,60.70773747868241]}"
438,"60.82284, 8.98262",60.82284,8.98262,id_88617566,Gol_change_dw_2016_2020,2,1,1,"{""geodesic"":false,""type"":""Point"",""coordinates"":[8.982624457874477,60.8228413317456]}"
522,"60.74162, 8.86951",60.74162,8.86951,id_8862555,Gol_change_dw_2016_2020,4,1,1,"{""geodesic"":false,""type"":""Point"",""coordinates"":[8.869508388614827,60.74161606801685]}"
476,"60.70333, 8.9466",60.70333,8.9466,id_89434359,Gol_change_dw_2016_2020,3,1,1,"{""geodesic"":false,""type"":""Point"",""coordinates"":[8.946601466672874,60.703331639920684]}"
245,"60.71027, 8.78682",60.71027,8.78682,id_8949449,Gol_change_dw_2016_2020,1,6,6,"{""geodesic"":false,""type"":""Point"",""coordinates"":[8.786817681937581,60.71026563975361]}"
448,"60.84981, 8.87606",60.84981,8.87606,id_89693755,Gol_change_dw_2016_2020,2,9,9,"{""geodesic"":false,""type"":""Point"",""coordinates"":[8.876060412233127,60.8498094990078]}"
527,"60.69794, 8.94533",60.69794,8.94533,id_89725876,Gol_change_dw_2016_2020,4,1,1,"{""geodesic"":false,""type"":""Point"",""coordinates"":[8.94532831589823,60.697944139684644]}"
391,"60.72944, 9.28151",60.72944,9.28151,id_89816196,Gol_change_dw_2016_2020,1,6,6,"{""geodesic"":false,""type"":""Point"",""coordinates"":[9.281510000650524,60.729443008405674]}"
434,"60.83272, 9.01223",60.83272,9.01223,id_90058326,Gol_change_dw_2016_2020,2,1,6,"{""geodesic"":false,""type"":""Point"",""coordinates"":[9.012231003431362,60.832717850522684]}"
18,"60.67029, 9.05902",60.67029,9.05902,id_90120059,Gol_change_dw_2016_2020,1,6,6,"{""geodesic"":false,""type"":""Point"",""coordinates"":[9.05901673015841,60.670289027079576]}"
68,"60.75636, 8.81312",60.75636,8.81312,id_90202912,Gol_change_dw_2016_2020,1,6,6,"{""geodesic"":false,""type"":""Point"",""coordinates"":[8.813117685350292,60.75636351022449]}"
383,"60.77734, 8.85816",60.77734,8.85816,id_90336732,Gol_change_dw_2016_2020,1,6,6,"{""geodesic"":false,""type"":""Point"",""coordinates"":[8.858163137881977,60.777337966303264]}"
263,"60.85985, 8.85927",60.85985,8.85927,id_90364433,Gol_change_dw_2016_2020,1,6,9,"{""geodesic"":false,""type"":""Point"",""coordinates"":[8.85927014780748,60.85984846518434]}"
179,"60.75038, 9.05494",60.75038,9.05494,id_90545633,Gol_change_dw_2016_2020,1,6,6,"{""geodesic"":false,""type"":""Point"",""coordinates"":[9.054944310208612,60.75037718326727]}"
51,"60.79061, 8.96317",60.79061,8.96317,id_90641602,Gol_change_dw_2016_2020,1,6,9,"{""geodesic"":false,""type"":""Point"",""coordinates"":[8.963171474897004,60.7906057874378]}"
252,"60.6385, 9.07486",60.6385,9.07486,id_90806409,Gol_change_dw_2016_2020,1,6,6,"{""geodesic"":false,""type"":""Point"",""coordinates"":[9.074863725587493,60.638497656685594]}"
203,"60.71263, 9.29382",60.71263,9.29382,id_90934030,Gol_change_dw_2016_2020,1,6,9,"{""geodesic"":false,""type"":""Point"",""coordinates"":[9.293823201679547,60.71262709594964]}"
202,"60.72947, 9.21863",60.72947,9.21863,id_91193443,Gol_change_dw_2016_2020,1,6,6,"{""geodesic"":false,""type"":""Point"",""coordinates"":[9.218626299489623,60.72947047238878]}"
270,"60.76032, 9.23847",60.76032,9.23847,id_91313498,Gol_change_dw_2016_2020,1,6,9,"{""geodesic"":false,""type"":""Point"",""coordinates"":[9.238471902902463,60.760321973493426]}"
244,"60.85178, 8.87532",60.85178,8.87532,id_91503920,Gol_change_dw_2016_2020,1,9,9,"{""geodesic"":false,""type"":""Point"",""coordinates"":[8.875316627365322,60.851783997445864]}"
191,"60.74354, 8.822",60.74354,8.822,id_91530870,Gol_change_dw_2016_2020,1,6,4,"{""geodesic"":false,""type"":""Point"",""coordinates"":[8.821996171455796,60.74353666069195]}"
208,"60.69764, 9.19313",60.69764,9.19313,id_91903502,Gol_change_dw_2016_2020,1,6,6,"{""geodesic"":false,""type"":""Point"",""coordinates"":[9.193134983663715,60.69763657127461]}"
279,"60.8014, 8.79062",60.8014,8.79062,id_91922627,Gol_change_dw_2016_2020,1,6,6,"{""geodesic"":false,""type"":""Point"",""coordinates"":[8.790622059926545,60.80140103940024]}"
524,"60.70468, 8.93945",60.70468,8.93945,id_9201688,Gol_change_dw_2016_2020,4,1,1,"{""geodesic"":false,""type"":""Point"",""coordinates"":[8.939454709664181,60.70467534856716]}"
246,"60.75838, 8.9944",60.75838,8.9944,id_92154556,Gol_change_dw_2016_2020,1,6,6,"{""geodesic"":false,""type"":""Point"",""coordinates"":[8.994403276499435,60.75837894679137]}"
513,"60.70584, 8.9411",60.70584,8.9411,id_92300050,Gol_change_dw_2016_2020,4,1,1,"{""geodesic"":false,""type"":""Point"",""coordinates"":[8.941101310679498,60.705843261916286]}"
535,"60.69578, 8.92372",60.69578,8.92372,id_92575076,Gol_change_dw_2016_2020,4,1,1,"{""geodesic"":false,""type"":""Point"",""coordinates"":[8.923721181431098,60.69577878786216]}"
139,"60.67636, 8.80846",60.67636,8.80846,id_92659195,Gol_change_dw_2016_2020,1,6,6,"{""geodesic"":false,""type"":""Point"",""coordinates"":[8.80845676406317,60.67636015634284]}"
84,"60.77127, 9.09812",60.77127,9.09812,id_93296639,Gol_change_dw_2016_2020,1,6,9,"{""geodesic"":false,""type"":""Point"",""coordinates"":[9.09811968862733,60.771271845801245]}"
354,"60.69931, 9.21256",60.69931,9.21256,id_93318067,Gol_change_dw_2016_2020,1,6,9,"{""geodesic"":false,""type"":""Point"",""coordinates"":[9.212560324830703,60.69931305727629]}"
143,"60.76393, 8.83565",60.76393,8.83565,id_93604920,Gol_change_dw_2016_2020,1,6,6,"{""geodesic"":false,""type"":""Point"",""coordinates"":[8.835647988642844,60.76393472306979]}"
80,"60.68161, 9.04055",60.68161,9.04055,id_93719782,Gol_change_dw_2016_2020,1,6,6,"{""geodesic"":false,""type"":""Point"",""coordinates"":[9.040548204931735,60.68160860436254]}"
410,"60.70361, 9.00174",60.70361,9.00174,id_93777059,Gol_change_dw_2016_2020,2,1,1,"{""geodesic"":false,""type"":""Point"",""coordinates"":[9.001740275949121,60.703611613711146]}"
124,"60.77999, 9.0875",60.77999,9.0875,id_93821527,Gol_change_dw_2016_2020,1,6,9,"{""geodesic"":false,""type"":""Point"",""coordinates"":[9.087496209908318,60.77998805781436]}"
405,"60.70487, 8.99808",60.70487,8.99808,id_94407098,Gol_change_dw_2016_2020,2,1,6,"{""geodesic"":false,""type"":""Point"",""coordinates"":[8.998076462021126,60.70486857386574]}"
482,"60.73391, 8.88971",60.73391,8.88971,id_94502084,Gol_change_dw_2016_2020,3,2,1,"{""geodesic"":false,""type"":""Point"",""coordinates"":[8.889709216030509,60.733912885595046]}"
282,"60.82665, 8.80535",60.82665,8.80535,id_94518761,Gol_change_dw_2016_2020,1,6,9,"{""geodesic"":false,""type"":""Point"",""coordinates"":[8.805352198508952,60.82665188821003]}"
471,"60.75513, 8.76909",60.75513,8.76909,id_95136199,Gol_change_dw_2016_2020,3,4,1,"{""geodesic"":false,""type"":""Point"",""coordinates"":[8.769089383601544,60.75512779892052]}"
274,"60.76305, 9.15077",60.76305,9.15077,id_95388299,Gol_change_dw_2016_2020,1,9,6,"{""geodesic"":false,""type"":""Point"",""coordinates"":[9.150766560834558,60.763052846753496]}"
523,"60.71167, 8.92955",60.71167,8.92955,id_9548326,Gol_change_dw_2016_2020,4,1,1,"{""geodesic"":false,""type"":""Point"",""coordinates"":[8.929546971411758,60.711673583754084]}"
22,"60.69343, 9.1845",60.69343,9.1845,id_95745281,Gol_change_dw_2016_2020,1,6,6,"{""geodesic"":false,""type"":""Point"",""coordinates"":[9.18450266723047,60.693428912266896]}"
334,"60.75041, 9.20666",60.75041,9.20666,id_95955235,Gol_change_dw_2016_2020,1,6,9,"{""geodesic"":false,""type"":""Point"",""coordinates"":[9.206660739768385,60.750408852082565]}"
224,"60.6997, 8.88708",60.6997,8.88708,id_9615285,Gol_change_dw_2016_2020,1,6,6,"{""geodesic"":false,""type"":""Point"",""coordinates"":[8.887078917550468,60.699703386124796]}"
176,"60.83801, 8.97507",60.83801,8.97507,id_96226909,Gol_change_dw_2016_2020,1,6,9,"{""geodesic"":false,""type"":""Point"",""coordinates"":[8.97507405966418,60.83801319168328]}"
170,"60.7848, 9.12718",60.7848,9.12718,id_96349395,Gol_change_dw_2016_2020,1,6,6,"{""geodesic"":false,""type"":""Point"",""coordinates"":[9.127177822426798,60.78480456895295]}"
373,"60.71764, 9.20388",60.71764,9.20388,id_96609040,Gol_change_dw_2016_2020,1,6,6,"{""geodesic"":false,""type"":""Point"",""coordinates"":[9.20388454317171,60.71764232546966]}"
512,"60.7501, 8.8326",60.7501,8.8326,id_96734485,Gol_change_dw_2016_2020,4,1,1,"{""geodesic"":false,""type"":""Point"",""coordinates"":[8.832600030646317,60.75010444582754]}"
201,"60.70414, 8.9455",60.70414,8.9455,id_96878093,Gol_change_dw_2016_2020,1,6,6,"{""geodesic"":false,""type"":""Point"",""coordinates"":[8.945500987450508,60.704139244691696]}"
351,"60.69586, 8.90358",60.69586,8.90358,id_97254088,Gol_change_dw_2016_2020,1,6,6,"{""geodesic"":false,""type"":""Point"",""coordinates"":[8.903575276279172,60.695855591085056]}"
28,"60.74257, 9.02999",60.74257,9.02999,id_97327022,Gol_change_dw_2016_2020,1,6,6,"{""geodesic"":false,""type"":""Point"",""coordinates"":[9.029987357800355,60.74257400559732]}"
192,"60.8538, 8.83169",60.8538,8.83169,id_97525278,Gol_change_dw_2016_2020,1,6,9,"{""geodesic"":false,""type"":""Point"",""coordinates"":[8.831689784208944,60.85380143913054]}"
174,"60.81278, 8.95506",60.81278,8.95506,id_97577378,Gol_change_dw_2016_2020,1,6,9,"{""geodesic"":false,""type"":""Point"",""coordinates"":[8.95505834187913,60.81277940912609]}"
530,"60.70279, 8.9303",60.70279,8.9303,id_9768189,Gol_change_dw_2016_2020,4,1,1,"{""geodesic"":false,""type"":""Point"",""coordinates"":[8.930299147929318,60.70278545582026]}"
486,"60.73261, 8.98212",60.73261,8.98212,id_98187959,Gol_change_dw_2016_2020,3,4,1,"{""geodesic"":false,""type"":""Point"",""coordinates"":[8.982123171175374,60.73261029742906]}"
433,"60.71199, 8.87458",60.71199,8.87458,id_98260876,Gol_change_dw_2016_2020,2,1,5,"{""geodesic"":false,""type"":""Point"",""coordinates"":[8.874575839563008,60.71199255930408]}"
446,"60.69688, 9.01273",60.69688,9.01273,id_98465271,Gol_change_dw_2016_2020,2,1,6,"{""geodesic"":false,""type"":""Point"",""coordinates"":[9.012728830499642,60.69687728799397]}"
235,"60.72225, 9.32745",60.72225,9.32745,id_9855202,Gol_change_dw_2016_2020,1,6,9,"{""geodesic"":false,""type"":""Point"",""coordinates"":[9.327453916148148,60.722245807151445]}"
106,"60.82104, 8.95211",60.82104,8.95211,id_98580239,Gol_change_dw_2016_2020,1,6,9,"{""geodesic"":false,""type"":""Point"",""coordinates"":[8.952105034022994,60.821038290932805]}"
311,"60.72084, 8.7741",60.72084,8.7741,id_98694646,Gol_change_dw_2016_2020,1,6,6,"{""geodesic"":false,""type"":""Point"",""coordinates"":[8.774100918416194,60.720839239668315]}"
40,"60.66484, 8.86159",60.66484,8.86159,id_99182226,Gol_change_dw_2016_2020,1,6,6,"{""geodesic"":false,""type"":""Point"",""coordinates"":[8.861585624085832,60.66484349406669]}"
250,"60.71436, 9.17619",60.71436,9.17619,id_9976024,Gol_change_dw_2016_2020,1,6,6,"{""geodesic"":false,""type"":""Point"",""coordinates"":[9.17619320371105,60.714359596920026]}"
345,"60.79307, 9.12133",60.79307,9.12133,id_99931424,Gol_change_dw_2016_2020,1,6,6,"{""geodesic"":false,""type"":""Point"",""coordinates"":[9.12133225837941,60.79306992301158]}"
